Command line invocation:
    /Applications/Xcode.app/Contents/Developer/usr/bin/xcodebuild -scheme VideoEnhnacer -project VideoEnhnacer.xcodeproj -configuration Debug -sdk iphonesimulator build

Build settings from command line:
    SDKROOT = iphonesimulator18.5

Resolve Package Graph


Resolved source packages:
  PryntTrimmerView: https://github.com/HHK1/PryntTrimmerView.git @ 4.0.2

--- xcodebuild: WARNING: Using the first of multiple matching destinations:
{ platform:iOS Simulator, id:dvtdevice-DVTiOSDeviceSimulatorPlaceholder-iphonesimulator:placeholder, name:Any iOS Simulator Device }
{ platform:iOS Simulator, arch:arm64, id:CD7F9FE2-255C-4E72-8E42-4FAD59CDF247, OS:18.5, name:iPad (A16) }
{ platform:iOS Simulator, arch:x86_64, id:CD7F9FE2-255C-4E72-8E42-4FAD59CDF247, OS:18.5, name:iPad (A16) }
{ platform:iOS Simulator, arch:arm64, id:15198F8E-F43B-4001-9273-09D913809941, OS:18.5, name:iPad Air 11-inch (M3) }
{ platform:iOS Simulator, arch:x86_64, id:15198F8E-F43B-4001-9273-09D913809941, OS:18.5, name:iPad Air 11-inch (M3) }
{ platform:iOS Simulator, arch:arm64, id:1A1ACE24-6725-4296-802E-F7C39F52BF55, OS:18.5, name:iPad Air 13-inch (M3) }
{ platform:iOS Simulator, arch:x86_64, id:1A1ACE24-6725-4296-802E-F7C39F52BF55, OS:18.5, name:iPad Air 13-inch (M3) }
{ platform:iOS Simulator, arch:arm64, id:D11EBB54-9084-4734-B9CB-2B2142CE0081, OS:18.5, name:iPad Pro 11-inch (M4) }
{ platform:iOS Simulator, arch:x86_64, id:D11EBB54-9084-4734-B9CB-2B2142CE0081, OS:18.5, name:iPad Pro 11-inch (M4) }
{ platform:iOS Simulator, arch:arm64, id:A73CA73A-DF39-492F-AF83-5BF7A5AD4269, OS:18.5, name:iPad Pro 13-inch (M4) }
{ platform:iOS Simulator, arch:x86_64, id:A73CA73A-DF39-492F-AF83-5BF7A5AD4269, OS:18.5, name:iPad Pro 13-inch (M4) }
{ platform:iOS Simulator, arch:arm64, id:83E50510-6E5C-4E19-AAB6-EC3EDCD6AABC, OS:18.5, name:iPad mini (A17 Pro) }
{ platform:iOS Simulator, arch:x86_64, id:83E50510-6E5C-4E19-AAB6-EC3EDCD6AABC, OS:18.5, name:iPad mini (A17 Pro) }
{ platform:iOS Simulator, arch:arm64, id:890E96DA-F239-4B3A-9E7B-BD1AC4E77ACE, OS:18.5, name:iPhone 13 mini }
{ platform:iOS Simulator, arch:x86_64, id:890E96DA-F239-4B3A-9E7B-BD1AC4E77ACE, OS:18.5, name:iPhone 13 mini }
{ platform:iOS Simulator, arch:arm64, id:169A27F0-3D06-423B-AE53-996369DFC656, OS:18.5, name:iPhone 16 }
{ platform:iOS Simulator, arch:x86_64, id:169A27F0-3D06-423B-AE53-996369DFC656, OS:18.5, name:iPhone 16 }
{ platform:iOS Simulator, arch:arm64, id:9782FB1E-02CE-49A6-8F4F-EE9F3FB13268, OS:18.5, name:iPhone 16 Plus }
{ platform:iOS Simulator, arch:x86_64, id:9782FB1E-02CE-49A6-8F4F-EE9F3FB13268, OS:18.5, name:iPhone 16 Plus }
{ platform:iOS Simulator, arch:arm64, id:E91CDB7E-14D6-4980-AB3F-96B5C4BD7517, OS:18.5, name:iPhone 16 Pro }
{ platform:iOS Simulator, arch:x86_64, id:E91CDB7E-14D6-4980-AB3F-96B5C4BD7517, OS:18.5, name:iPhone 16 Pro }
{ platform:iOS Simulator, arch:arm64, id:481DD558-F984-4AFF-A91F-26520B1E792C, OS:18.5, name:iPhone 16 Pro Max }
{ platform:iOS Simulator, arch:x86_64, id:481DD558-F984-4AFF-A91F-26520B1E792C, OS:18.5, name:iPhone 16 Pro Max }
{ platform:iOS Simulator, arch:arm64, id:02613826-F8FD-4874-BC6F-85A7C8517D2C, OS:18.5, name:iPhone 16e }
{ platform:iOS Simulator, arch:x86_64, id:02613826-F8FD-4874-BC6F-85A7C8517D2C, OS:18.5, name:iPhone 16e }
{ platform:iOS Simulator, arch:arm64, id:C40529AD-AB05-4FB4-9156-AE20B46CBC5C, OS:18.5, name:iPhone SE (3rd generation) }
{ platform:iOS Simulator, arch:x86_64, id:C40529AD-AB05-4FB4-9156-AE20B46CBC5C, OS:18.5, name:iPhone SE (3rd generation) }
{ platform:macOS, arch:arm64, id:00008132-000239A23439801C, name:My Mac }
{ platform:macOS, arch:x86_64, id:00008132-000239A23439801C, name:My Mac }
{ platform:iOS, id:dvtdevice-DVTiPhonePlaceholder-iphoneos:placeholder, name:Any iOS Device }
{ platform:macOS, name:Any Mac }
{ platform:iOS, arch:arm64, id:00008030-000345D23ED8C02E, name:Black iPad }
{ platform:iOS, arch:arm64, id:00008110-001C6C183E80A01E, name:Vaibhav }
ComputePackagePrebuildTargetDependencyGraph

Prepare packages

CreateBuildRequest

SendProjectDescription

CreateBuildOperation

ComputeTargetDependencyGraph
note: Building targets in dependency order
note: Target dependency graph (3 targets)
    Target 'VideoEnhnacer' in project 'VideoEnhnacer'
        ➜ Explicit dependency on target 'PryntTrimmerView' in project 'PryntTrimmerView'
    Target 'PryntTrimmerView' in project 'PryntTrimmerView'
        ➜ Explicit dependency on target 'PryntTrimmerView' in project 'PryntTrimmerView'
    Target 'PryntTrimmerView' in project 'PryntTrimmerView' (no dependencies)

GatherProvisioningInputs

CreateBuildDescription

ExecuteExternalTool /Applications/Xcode.app/Contents/Developer/Toolchains/XcodeDefault.xctoolchain/usr/bin/swiftc --version

ExecuteExternalTool /Applications/Xcode.app/Contents/Developer/Toolchains/XcodeDefault.xctoolchain/usr/bin/clang -v -E -dM -isysroot /Applications/Xcode.app/Contents/Developer/Platforms/iPhoneSimulator.platform/Developer/SDKs/iPhoneSimulator18.5.sdk -x c -c /dev/null

ExecuteExternalTool /Applications/Xcode.app/Contents/Developer/usr/bin/actool --print-asset-tag-combinations --output-format xml1 /Users/vaibhavtiwary/Desktop/VideoEnhnacer/VideoEnhnacer/Assets.xcassets

ExecuteExternalTool /Applications/Xcode.app/Contents/Developer/usr/bin/actool --version --output-format xml1

ExecuteExternalTool /Applications/Xcode.app/Contents/Developer/Toolchains/XcodeDefault.xctoolchain/usr/bin/ld -version_details

Build description signature: 03219c821f26ffcc9510cc4e7c3edd15
Build description path: /Users/vaibhavtiwary/Library/Developer/Xcode/DerivedData/VideoEnhnacer-dqopdjmhhzmcwpbypehgajypqwjs/Build/Intermediates.noindex/XCBuildData/03219c821f26ffcc9510cc4e7c3edd15.xcbuilddata
ClangStatCache /Applications/Xcode.app/Contents/Developer/Toolchains/XcodeDefault.xctoolchain/usr/bin/clang-stat-cache /Applications/Xcode.app/Contents/Developer/Platforms/iPhoneSimulator.platform/Developer/SDKs/iPhoneSimulator18.5.sdk /Users/vaibhavtiwary/Library/Developer/Xcode/DerivedData/SDKStatCaches.noindex/iphonesimulator18.5-22F76-d5fc8ad4295d2ef488fb7d0f804ce0c4.sdkstatcache
    cd /Users/vaibhavtiwary/Desktop/VideoEnhnacer/VideoEnhnacer.xcodeproj
    /Applications/Xcode.app/Contents/Developer/Toolchains/XcodeDefault.xctoolchain/usr/bin/clang-stat-cache /Applications/Xcode.app/Contents/Developer/Platforms/iPhoneSimulator.platform/Developer/SDKs/iPhoneSimulator18.5.sdk -o /Users/vaibhavtiwary/Library/Developer/Xcode/DerivedData/SDKStatCaches.noindex/iphonesimulator18.5-22F76-d5fc8ad4295d2ef488fb7d0f804ce0c4.sdkstatcache

WriteAuxiliaryFile /Users/vaibhavtiwary/Library/Developer/Xcode/DerivedData/VideoEnhnacer-dqopdjmhhzmcwpbypehgajypqwjs/Build/Intermediates.noindex/VideoEnhnacer.build/Debug-iphonesimulator/VideoEnhnacer.build/Objects-normal/x86_64/VideoEnhnacer.SwiftConstValuesFileList (in target 'VideoEnhnacer' from project 'VideoEnhnacer')
    cd /Users/vaibhavtiwary/Desktop/VideoEnhnacer
    write-file /Users/vaibhavtiwary/Library/Developer/Xcode/DerivedData/VideoEnhnacer-dqopdjmhhzmcwpbypehgajypqwjs/Build/Intermediates.noindex/VideoEnhnacer.build/Debug-iphonesimulator/VideoEnhnacer.build/Objects-normal/x86_64/VideoEnhnacer.SwiftConstValuesFileList

WriteAuxiliaryFile /Users/vaibhavtiwary/Library/Developer/Xcode/DerivedData/VideoEnhnacer-dqopdjmhhzmcwpbypehgajypqwjs/Build/Intermediates.noindex/VideoEnhnacer.build/Debug-iphonesimulator/VideoEnhnacer.build/Objects-normal/arm64/VideoEnhnacer.SwiftConstValuesFileList (in target 'VideoEnhnacer' from project 'VideoEnhnacer')
    cd /Users/vaibhavtiwary/Desktop/VideoEnhnacer
    write-file /Users/vaibhavtiwary/Library/Developer/Xcode/DerivedData/VideoEnhnacer-dqopdjmhhzmcwpbypehgajypqwjs/Build/Intermediates.noindex/VideoEnhnacer.build/Debug-iphonesimulator/VideoEnhnacer.build/Objects-normal/arm64/VideoEnhnacer.SwiftConstValuesFileList

WriteAuxiliaryFile /Users/vaibhavtiwary/Library/Developer/Xcode/DerivedData/VideoEnhnacer-dqopdjmhhzmcwpbypehgajypqwjs/Build/Intermediates.noindex/VideoEnhnacer.build/Debug-iphonesimulator/VideoEnhnacer.build/Objects-normal/arm64/VideoEnhnacer.LinkFileList (in target 'VideoEnhnacer' from project 'VideoEnhnacer')
    cd /Users/vaibhavtiwary/Desktop/VideoEnhnacer
    write-file /Users/vaibhavtiwary/Library/Developer/Xcode/DerivedData/VideoEnhnacer-dqopdjmhhzmcwpbypehgajypqwjs/Build/Intermediates.noindex/VideoEnhnacer.build/Debug-iphonesimulator/VideoEnhnacer.build/Objects-normal/arm64/VideoEnhnacer.LinkFileList

WriteAuxiliaryFile /Users/vaibhavtiwary/Library/Developer/Xcode/DerivedData/VideoEnhnacer-dqopdjmhhzmcwpbypehgajypqwjs/Build/Intermediates.noindex/VideoEnhnacer.build/Debug-iphonesimulator/VideoEnhnacer.build/Objects-normal/arm64/VideoEnhnacer.SwiftFileList (in target 'VideoEnhnacer' from project 'VideoEnhnacer')
    cd /Users/vaibhavtiwary/Desktop/VideoEnhnacer
    write-file /Users/vaibhavtiwary/Library/Developer/Xcode/DerivedData/VideoEnhnacer-dqopdjmhhzmcwpbypehgajypqwjs/Build/Intermediates.noindex/VideoEnhnacer.build/Debug-iphonesimulator/VideoEnhnacer.build/Objects-normal/arm64/VideoEnhnacer.SwiftFileList

WriteAuxiliaryFile /Users/vaibhavtiwary/Library/Developer/Xcode/DerivedData/VideoEnhnacer-dqopdjmhhzmcwpbypehgajypqwjs/Build/Intermediates.noindex/VideoEnhnacer.build/Debug-iphonesimulator/VideoEnhnacer.build/Objects-normal/x86_64/VideoEnhnacer.LinkFileList (in target 'VideoEnhnacer' from project 'VideoEnhnacer')
    cd /Users/vaibhavtiwary/Desktop/VideoEnhnacer
    write-file /Users/vaibhavtiwary/Library/Developer/Xcode/DerivedData/VideoEnhnacer-dqopdjmhhzmcwpbypehgajypqwjs/Build/Intermediates.noindex/VideoEnhnacer.build/Debug-iphonesimulator/VideoEnhnacer.build/Objects-normal/x86_64/VideoEnhnacer.LinkFileList

WriteAuxiliaryFile /Users/vaibhavtiwary/Library/Developer/Xcode/DerivedData/VideoEnhnacer-dqopdjmhhzmcwpbypehgajypqwjs/Build/Intermediates.noindex/VideoEnhnacer.build/Debug-iphonesimulator/VideoEnhnacer.build/Objects-normal/x86_64/VideoEnhnacer.SwiftFileList (in target 'VideoEnhnacer' from project 'VideoEnhnacer')
    cd /Users/vaibhavtiwary/Desktop/VideoEnhnacer
    write-file /Users/vaibhavtiwary/Library/Developer/Xcode/DerivedData/VideoEnhnacer-dqopdjmhhzmcwpbypehgajypqwjs/Build/Intermediates.noindex/VideoEnhnacer.build/Debug-iphonesimulator/VideoEnhnacer.build/Objects-normal/x86_64/VideoEnhnacer.SwiftFileList

SwiftDriver VideoEnhnacer normal arm64 com.apple.xcode.tools.swift.compiler (in target 'VideoEnhnacer' from project 'VideoEnhnacer')
    cd /Users/vaibhavtiwary/Desktop/VideoEnhnacer
    builtin-SwiftDriver -- /Applications/Xcode.app/Contents/Developer/Toolchains/XcodeDefault.xctoolchain/usr/bin/swiftc -module-name VideoEnhnacer -Onone -enforce-exclusivity\=checked @/Users/vaibhavtiwary/Library/Developer/Xcode/DerivedData/VideoEnhnacer-dqopdjmhhzmcwpbypehgajypqwjs/Build/Intermediates.noindex/VideoEnhnacer.build/Debug-iphonesimulator/VideoEnhnacer.build/Objects-normal/arm64/VideoEnhnacer.SwiftFileList -DDEBUG -enable-bare-slash-regex -enable-experimental-feature DebugDescriptionMacro -sdk /Applications/Xcode.app/Contents/Developer/Platforms/iPhoneSimulator.platform/Developer/SDKs/iPhoneSimulator18.5.sdk -target arm64-apple-ios15.6-simulator -g -module-cache-path /Users/vaibhavtiwary/Library/Developer/Xcode/DerivedData/ModuleCache.noindex -Xfrontend -serialize-debugging-options -enable-testing -index-store-path /Users/vaibhavtiwary/Library/Developer/Xcode/DerivedData/VideoEnhnacer-dqopdjmhhzmcwpbypehgajypqwjs/Index.noindex/DataStore -swift-version 5 -I /Users/vaibhavtiwary/Library/Developer/Xcode/DerivedData/VideoEnhnacer-dqopdjmhhzmcwpbypehgajypqwjs/Build/Products/Debug-iphonesimulator -F /Users/vaibhavtiwary/Library/Developer/Xcode/DerivedData/VideoEnhnacer-dqopdjmhhzmcwpbypehgajypqwjs/Build/Products/Debug-iphonesimulator/PackageFrameworks -F /Users/vaibhavtiwary/Library/Developer/Xcode/DerivedData/VideoEnhnacer-dqopdjmhhzmcwpbypehgajypqwjs/Build/Products/Debug-iphonesimulator -emit-localized-strings -emit-localized-strings-path /Users/vaibhavtiwary/Library/Developer/Xcode/DerivedData/VideoEnhnacer-dqopdjmhhzmcwpbypehgajypqwjs/Build/Intermediates.noindex/VideoEnhnacer.build/Debug-iphonesimulator/VideoEnhnacer.build/Objects-normal/arm64 -c -j10 -enable-batch-mode -incremental -Xcc -ivfsstatcache -Xcc /Users/vaibhavtiwary/Library/Developer/Xcode/DerivedData/SDKStatCaches.noindex/iphonesimulator18.5-22F76-d5fc8ad4295d2ef488fb7d0f804ce0c4.sdkstatcache -output-file-map /Users/vaibhavtiwary/Library/Developer/Xcode/DerivedData/VideoEnhnacer-dqopdjmhhzmcwpbypehgajypqwjs/Build/Intermediates.noindex/VideoEnhnacer.build/Debug-iphonesimulator/VideoEnhnacer.build/Objects-normal/arm64/VideoEnhnacer-OutputFileMap.json -use-frontend-parseable-output -save-temps -no-color-diagnostics -serialize-diagnostics -emit-dependencies -emit-module -emit-module-path /Users/vaibhavtiwary/Library/Developer/Xcode/DerivedData/VideoEnhnacer-dqopdjmhhzmcwpbypehgajypqwjs/Build/Intermediates.noindex/VideoEnhnacer.build/Debug-iphonesimulator/VideoEnhnacer.build/Objects-normal/arm64/VideoEnhnacer.swiftmodule -validate-clang-modules-once -clang-build-session-file /Users/vaibhavtiwary/Library/Developer/Xcode/DerivedData/ModuleCache.noindex/Session.modulevalidation -Xcc -I/Users/vaibhavtiwary/Library/Developer/Xcode/DerivedData/VideoEnhnacer-dqopdjmhhzmcwpbypehgajypqwjs/Build/Intermediates.noindex/VideoEnhnacer.build/Debug-iphonesimulator/VideoEnhnacer.build/swift-overrides.hmap -emit-const-values -Xfrontend -const-gather-protocols-file -Xfrontend /Users/vaibhavtiwary/Library/Developer/Xcode/DerivedData/VideoEnhnacer-dqopdjmhhzmcwpbypehgajypqwjs/Build/Intermediates.noindex/VideoEnhnacer.build/Debug-iphonesimulator/VideoEnhnacer.build/Objects-normal/arm64/VideoEnhnacer_const_extract_protocols.json -Xcc -iquote -Xcc /Users/vaibhavtiwary/Library/Developer/Xcode/DerivedData/VideoEnhnacer-dqopdjmhhzmcwpbypehgajypqwjs/Build/Intermediates.noindex/VideoEnhnacer.build/Debug-iphonesimulator/VideoEnhnacer.build/VideoEnhnacer-generated-files.hmap -Xcc -I/Users/vaibhavtiwary/Library/Developer/Xcode/DerivedData/VideoEnhnacer-dqopdjmhhzmcwpbypehgajypqwjs/Build/Intermediates.noindex/VideoEnhnacer.build/Debug-iphonesimulator/VideoEnhnacer.build/VideoEnhnacer-own-target-headers.hmap -Xcc -I/Users/vaibhavtiwary/Library/Developer/Xcode/DerivedData/VideoEnhnacer-dqopdjmhhzmcwpbypehgajypqwjs/Build/Intermediates.noindex/VideoEnhnacer.build/Debug-iphonesimulator/VideoEnhnacer.build/VideoEnhnacer-all-non-framework-target-headers.hmap -Xcc -ivfsoverlay -Xcc /Users/vaibhavtiwary/Library/Developer/Xcode/DerivedData/VideoEnhnacer-dqopdjmhhzmcwpbypehgajypqwjs/Build/Intermediates.noindex/VideoEnhnacer.build/Debug-iphonesimulator/VideoEnhnacer-0bd6c0aff6428f03145378ef92fdfbee-VFS-iphonesimulator/all-product-headers.yaml -Xcc -iquote -Xcc /Users/vaibhavtiwary/Library/Developer/Xcode/DerivedData/VideoEnhnacer-dqopdjmhhzmcwpbypehgajypqwjs/Build/Intermediates.noindex/VideoEnhnacer.build/Debug-iphonesimulator/VideoEnhnacer.build/VideoEnhnacer-project-headers.hmap -Xcc -I/Users/vaibhavtiwary/Library/Developer/Xcode/DerivedData/VideoEnhnacer-dqopdjmhhzmcwpbypehgajypqwjs/Build/Products/Debug-iphonesimulator/include -Xcc -I/Users/vaibhavtiwary/Library/Developer/Xcode/DerivedData/VideoEnhnacer-dqopdjmhhzmcwpbypehgajypqwjs/Build/Intermediates.noindex/VideoEnhnacer.build/Debug-iphonesimulator/VideoEnhnacer.build/DerivedSources-normal/arm64 -Xcc -I/Users/vaibhavtiwary/Library/Developer/Xcode/DerivedData/VideoEnhnacer-dqopdjmhhzmcwpbypehgajypqwjs/Build/Intermediates.noindex/VideoEnhnacer.build/Debug-iphonesimulator/VideoEnhnacer.build/DerivedSources/arm64 -Xcc -I/Users/vaibhavtiwary/Library/Developer/Xcode/DerivedData/VideoEnhnacer-dqopdjmhhzmcwpbypehgajypqwjs/Build/Intermediates.noindex/VideoEnhnacer.build/Debug-iphonesimulator/VideoEnhnacer.build/DerivedSources -Xcc -DDEBUG\=1 -emit-objc-header -emit-objc-header-path /Users/vaibhavtiwary/Library/Developer/Xcode/DerivedData/VideoEnhnacer-dqopdjmhhzmcwpbypehgajypqwjs/Build/Intermediates.noindex/VideoEnhnacer.build/Debug-iphonesimulator/VideoEnhnacer.build/Objects-normal/arm64/VideoEnhnacer-Swift.h -working-directory /Users/vaibhavtiwary/Desktop/VideoEnhnacer -experimental-emit-module-separately -disable-cmo

SwiftDriver VideoEnhnacer normal x86_64 com.apple.xcode.tools.swift.compiler (in target 'VideoEnhnacer' from project 'VideoEnhnacer')
    cd /Users/vaibhavtiwary/Desktop/VideoEnhnacer
    builtin-SwiftDriver -- /Applications/Xcode.app/Contents/Developer/Toolchains/XcodeDefault.xctoolchain/usr/bin/swiftc -module-name VideoEnhnacer -Onone -enforce-exclusivity\=checked @/Users/vaibhavtiwary/Library/Developer/Xcode/DerivedData/VideoEnhnacer-dqopdjmhhzmcwpbypehgajypqwjs/Build/Intermediates.noindex/VideoEnhnacer.build/Debug-iphonesimulator/VideoEnhnacer.build/Objects-normal/x86_64/VideoEnhnacer.SwiftFileList -DDEBUG -enable-bare-slash-regex -enable-experimental-feature DebugDescriptionMacro -sdk /Applications/Xcode.app/Contents/Developer/Platforms/iPhoneSimulator.platform/Developer/SDKs/iPhoneSimulator18.5.sdk -target x86_64-apple-ios15.6-simulator -g -module-cache-path /Users/vaibhavtiwary/Library/Developer/Xcode/DerivedData/ModuleCache.noindex -Xfrontend -serialize-debugging-options -enable-testing -index-store-path /Users/vaibhavtiwary/Library/Developer/Xcode/DerivedData/VideoEnhnacer-dqopdjmhhzmcwpbypehgajypqwjs/Index.noindex/DataStore -swift-version 5 -I /Users/vaibhavtiwary/Library/Developer/Xcode/DerivedData/VideoEnhnacer-dqopdjmhhzmcwpbypehgajypqwjs/Build/Products/Debug-iphonesimulator -F /Users/vaibhavtiwary/Library/Developer/Xcode/DerivedData/VideoEnhnacer-dqopdjmhhzmcwpbypehgajypqwjs/Build/Products/Debug-iphonesimulator/PackageFrameworks -F /Users/vaibhavtiwary/Library/Developer/Xcode/DerivedData/VideoEnhnacer-dqopdjmhhzmcwpbypehgajypqwjs/Build/Products/Debug-iphonesimulator -emit-localized-strings -emit-localized-strings-path /Users/vaibhavtiwary/Library/Developer/Xcode/DerivedData/VideoEnhnacer-dqopdjmhhzmcwpbypehgajypqwjs/Build/Intermediates.noindex/VideoEnhnacer.build/Debug-iphonesimulator/VideoEnhnacer.build/Objects-normal/x86_64 -c -j10 -enable-batch-mode -incremental -Xcc -ivfsstatcache -Xcc /Users/vaibhavtiwary/Library/Developer/Xcode/DerivedData/SDKStatCaches.noindex/iphonesimulator18.5-22F76-d5fc8ad4295d2ef488fb7d0f804ce0c4.sdkstatcache -output-file-map /Users/vaibhavtiwary/Library/Developer/Xcode/DerivedData/VideoEnhnacer-dqopdjmhhzmcwpbypehgajypqwjs/Build/Intermediates.noindex/VideoEnhnacer.build/Debug-iphonesimulator/VideoEnhnacer.build/Objects-normal/x86_64/VideoEnhnacer-OutputFileMap.json -use-frontend-parseable-output -save-temps -no-color-diagnostics -serialize-diagnostics -emit-dependencies -emit-module -emit-module-path /Users/vaibhavtiwary/Library/Developer/Xcode/DerivedData/VideoEnhnacer-dqopdjmhhzmcwpbypehgajypqwjs/Build/Intermediates.noindex/VideoEnhnacer.build/Debug-iphonesimulator/VideoEnhnacer.build/Objects-normal/x86_64/VideoEnhnacer.swiftmodule -validate-clang-modules-once -clang-build-session-file /Users/vaibhavtiwary/Library/Developer/Xcode/DerivedData/ModuleCache.noindex/Session.modulevalidation -Xcc -I/Users/vaibhavtiwary/Library/Developer/Xcode/DerivedData/VideoEnhnacer-dqopdjmhhzmcwpbypehgajypqwjs/Build/Intermediates.noindex/VideoEnhnacer.build/Debug-iphonesimulator/VideoEnhnacer.build/swift-overrides.hmap -emit-const-values -Xfrontend -const-gather-protocols-file -Xfrontend /Users/vaibhavtiwary/Library/Developer/Xcode/DerivedData/VideoEnhnacer-dqopdjmhhzmcwpbypehgajypqwjs/Build/Intermediates.noindex/VideoEnhnacer.build/Debug-iphonesimulator/VideoEnhnacer.build/Objects-normal/x86_64/VideoEnhnacer_const_extract_protocols.json -Xcc -iquote -Xcc /Users/vaibhavtiwary/Library/Developer/Xcode/DerivedData/VideoEnhnacer-dqopdjmhhzmcwpbypehgajypqwjs/Build/Intermediates.noindex/VideoEnhnacer.build/Debug-iphonesimulator/VideoEnhnacer.build/VideoEnhnacer-generated-files.hmap -Xcc -I/Users/vaibhavtiwary/Library/Developer/Xcode/DerivedData/VideoEnhnacer-dqopdjmhhzmcwpbypehgajypqwjs/Build/Intermediates.noindex/VideoEnhnacer.build/Debug-iphonesimulator/VideoEnhnacer.build/VideoEnhnacer-own-target-headers.hmap -Xcc -I/Users/vaibhavtiwary/Library/Developer/Xcode/DerivedData/VideoEnhnacer-dqopdjmhhzmcwpbypehgajypqwjs/Build/Intermediates.noindex/VideoEnhnacer.build/Debug-iphonesimulator/VideoEnhnacer.build/VideoEnhnacer-all-non-framework-target-headers.hmap -Xcc -ivfsoverlay -Xcc /Users/vaibhavtiwary/Library/Developer/Xcode/DerivedData/VideoEnhnacer-dqopdjmhhzmcwpbypehgajypqwjs/Build/Intermediates.noindex/VideoEnhnacer.build/Debug-iphonesimulator/VideoEnhnacer-0bd6c0aff6428f03145378ef92fdfbee-VFS-iphonesimulator/all-product-headers.yaml -Xcc -iquote -Xcc /Users/vaibhavtiwary/Library/Developer/Xcode/DerivedData/VideoEnhnacer-dqopdjmhhzmcwpbypehgajypqwjs/Build/Intermediates.noindex/VideoEnhnacer.build/Debug-iphonesimulator/VideoEnhnacer.build/VideoEnhnacer-project-headers.hmap -Xcc -I/Users/vaibhavtiwary/Library/Developer/Xcode/DerivedData/VideoEnhnacer-dqopdjmhhzmcwpbypehgajypqwjs/Build/Products/Debug-iphonesimulator/include -Xcc -I/Users/vaibhavtiwary/Library/Developer/Xcode/DerivedData/VideoEnhnacer-dqopdjmhhzmcwpbypehgajypqwjs/Build/Intermediates.noindex/VideoEnhnacer.build/Debug-iphonesimulator/VideoEnhnacer.build/DerivedSources-normal/x86_64 -Xcc -I/Users/vaibhavtiwary/Library/Developer/Xcode/DerivedData/VideoEnhnacer-dqopdjmhhzmcwpbypehgajypqwjs/Build/Intermediates.noindex/VideoEnhnacer.build/Debug-iphonesimulator/VideoEnhnacer.build/DerivedSources/x86_64 -Xcc -I/Users/vaibhavtiwary/Library/Developer/Xcode/DerivedData/VideoEnhnacer-dqopdjmhhzmcwpbypehgajypqwjs/Build/Intermediates.noindex/VideoEnhnacer.build/Debug-iphonesimulator/VideoEnhnacer.build/DerivedSources -Xcc -DDEBUG\=1 -emit-objc-header -emit-objc-header-path /Users/vaibhavtiwary/Library/Developer/Xcode/DerivedData/VideoEnhnacer-dqopdjmhhzmcwpbypehgajypqwjs/Build/Intermediates.noindex/VideoEnhnacer.build/Debug-iphonesimulator/VideoEnhnacer.build/Objects-normal/x86_64/VideoEnhnacer-Swift.h -working-directory /Users/vaibhavtiwary/Desktop/VideoEnhnacer -experimental-emit-module-separately -disable-cmo

ProcessInfoPlistFile /Users/vaibhavtiwary/Library/Developer/Xcode/DerivedData/VideoEnhnacer-dqopdjmhhzmcwpbypehgajypqwjs/Build/Products/Debug-iphonesimulator/VideoEnhnacer.app/Info.plist /Users/vaibhavtiwary/Desktop/VideoEnhnacer/VideoEnhnacer/Info.plist (in target 'VideoEnhnacer' from project 'VideoEnhnacer')
    cd /Users/vaibhavtiwary/Desktop/VideoEnhnacer
    builtin-infoPlistUtility /Users/vaibhavtiwary/Desktop/VideoEnhnacer/VideoEnhnacer/Info.plist -producttype com.apple.product-type.application -genpkginfo /Users/vaibhavtiwary/Library/Developer/Xcode/DerivedData/VideoEnhnacer-dqopdjmhhzmcwpbypehgajypqwjs/Build/Products/Debug-iphonesimulator/VideoEnhnacer.app/PkgInfo -expandbuildsettings -format binary -platform iphonesimulator -additionalcontentfile /Users/vaibhavtiwary/Library/Developer/Xcode/DerivedData/VideoEnhnacer-dqopdjmhhzmcwpbypehgajypqwjs/Build/Intermediates.noindex/VideoEnhnacer.build/Debug-iphonesimulator/VideoEnhnacer.build/assetcatalog_generated_info.plist -o /Users/vaibhavtiwary/Library/Developer/Xcode/DerivedData/VideoEnhnacer-dqopdjmhhzmcwpbypehgajypqwjs/Build/Products/Debug-iphonesimulator/VideoEnhnacer.app/Info.plist

SwiftCompile normal x86_64 Compiling\ ImageComparisonCard.swift,\ VideoPlayerView.swift,\ iOS15Compatibility.swift /Users/vaibhavtiwary/Desktop/VideoEnhnacer/VideoEnhnacer/Components/ImageComparisonCard.swift /Users/vaibhavtiwary/Desktop/VideoEnhnacer/VideoEnhnacer/Components/VideoPlayerView.swift /Users/vaibhavtiwary/Desktop/VideoEnhnacer/VideoEnhnacer/Extensions/iOS15Compatibility.swift (in target 'VideoEnhnacer' from project 'VideoEnhnacer')

SwiftCompile normal x86_64 /Users/vaibhavtiwary/Desktop/VideoEnhnacer/VideoEnhnacer/Components/ImageComparisonCard.swift (in target 'VideoEnhnacer' from project 'VideoEnhnacer')
    cd /Users/vaibhavtiwary/Desktop/VideoEnhnacer
    

SwiftCompile normal x86_64 /Users/vaibhavtiwary/Desktop/VideoEnhnacer/VideoEnhnacer/Components/VideoPlayerView.swift (in target 'VideoEnhnacer' from project 'VideoEnhnacer')
    cd /Users/vaibhavtiwary/Desktop/VideoEnhnacer
    

SwiftCompile normal x86_64 /Users/vaibhavtiwary/Desktop/VideoEnhnacer/VideoEnhnacer/Extensions/iOS15Compatibility.swift (in target 'VideoEnhnacer' from project 'VideoEnhnacer')
    cd /Users/vaibhavtiwary/Desktop/VideoEnhnacer
    

SwiftCompile normal x86_64 Compiling\ VideoPlayerViewModel.swift,\ FloatingActionButton.swift /Users/vaibhavtiwary/Desktop/VideoEnhnacer/VideoEnhnacer/ViewModels/VideoPlayerViewModel.swift /Users/vaibhavtiwary/Desktop/VideoEnhnacer/VideoEnhnacer/Components/FloatingActionButton.swift (in target 'VideoEnhnacer' from project 'VideoEnhnacer')

SwiftCompile normal x86_64 /Users/vaibhavtiwary/Desktop/VideoEnhnacer/VideoEnhnacer/ViewModels/VideoPlayerViewModel.swift (in target 'VideoEnhnacer' from project 'VideoEnhnacer')
    cd /Users/vaibhavtiwary/Desktop/VideoEnhnacer
    

SwiftCompile normal x86_64 /Users/vaibhavtiwary/Desktop/VideoEnhnacer/VideoEnhnacer/Components/FloatingActionButton.swift (in target 'VideoEnhnacer' from project 'VideoEnhnacer')
    cd /Users/vaibhavtiwary/Desktop/VideoEnhnacer
    

SwiftCompile normal x86_64 Compiling\ AppGradients.swift,\ VideoPlayerProtocol.swift,\ DocumentPickerDelegate.swift /Users/vaibhavtiwary/Desktop/VideoEnhnacer/VideoEnhnacer/Extensions/AppGradients.swift /Users/vaibhavtiwary/Desktop/VideoEnhnacer/VideoEnhnacer/Protocols/VideoPlayerProtocol.swift /Users/vaibhavtiwary/Desktop/VideoEnhnacer/VideoEnhnacer/Utilities/DocumentPickerDelegate.swift (in target 'VideoEnhnacer' from project 'VideoEnhnacer')

SwiftCompile normal x86_64 /Users/vaibhavtiwary/Desktop/VideoEnhnacer/VideoEnhnacer/Extensions/AppGradients.swift (in target 'VideoEnhnacer' from project 'VideoEnhnacer')
    cd /Users/vaibhavtiwary/Desktop/VideoEnhnacer
    

SwiftCompile normal x86_64 /Users/vaibhavtiwary/Desktop/VideoEnhnacer/VideoEnhnacer/Protocols/VideoPlayerProtocol.swift (in target 'VideoEnhnacer' from project 'VideoEnhnacer')
    cd /Users/vaibhavtiwary/Desktop/VideoEnhnacer
    

SwiftCompile normal x86_64 /Users/vaibhavtiwary/Desktop/VideoEnhnacer/VideoEnhnacer/Utilities/DocumentPickerDelegate.swift (in target 'VideoEnhnacer' from project 'VideoEnhnacer')
    cd /Users/vaibhavtiwary/Desktop/VideoEnhnacer
    

SwiftCompile normal x86_64 Compiling\ VideoInfoCard.swift,\ EnhancementSelectionView.swift /Users/vaibhavtiwary/Desktop/VideoEnhnacer/VideoEnhnacer/Components/VideoInfoCard.swift /Users/vaibhavtiwary/Desktop/VideoEnhnacer/VideoEnhnacer/Views/EnhancementSelectionView.swift (in target 'VideoEnhnacer' from project 'VideoEnhnacer')
SwiftCompile normal x86_64 /Users/vaibhavtiwary/Desktop/VideoEnhnacer/VideoEnhnacer/Components/VideoInfoCard.swift (in target 'VideoEnhnacer' from project 'VideoEnhnacer')
    cd /Users/vaibhavtiwary/Desktop/VideoEnhnacer
    

SwiftCompile normal x86_64 /Users/vaibhavtiwary/Desktop/VideoEnhnacer/VideoEnhnacer/Views/EnhancementSelectionView.swift (in target 'VideoEnhnacer' from project 'VideoEnhnacer')
    cd /Users/vaibhavtiwary/Desktop/VideoEnhnacer
    

SwiftEmitModule normal x86_64 Emitting\ module\ for\ VideoEnhnacer (in target 'VideoEnhnacer' from project 'VideoEnhnacer')

EmitSwiftModule normal x86_64 (in target 'VideoEnhnacer' from project 'VideoEnhnacer')
    cd /Users/vaibhavtiwary/Desktop/VideoEnhnacer
    

SwiftCompile normal x86_64 Compiling\ EnhancementSelectionViewModel.swift,\ ExportOptionsView.swift /Users/vaibhavtiwary/Desktop/VideoEnhnacer/VideoEnhnacer/ViewModels/EnhancementSelectionViewModel.swift /Users/vaibhavtiwary/Desktop/VideoEnhnacer/VideoEnhnacer/Components/ExportOptionsView.swift (in target 'VideoEnhnacer' from project 'VideoEnhnacer')

SwiftCompile normal x86_64 /Users/vaibhavtiwary/Desktop/VideoEnhnacer/VideoEnhnacer/ViewModels/EnhancementSelectionViewModel.swift (in target 'VideoEnhnacer' from project 'VideoEnhnacer')
    cd /Users/vaibhavtiwary/Desktop/VideoEnhnacer
    
/Users/vaibhavtiwary/Desktop/VideoEnhnacer/VideoEnhnacer/ViewModels/EnhancementSelectionViewModel.swift:236:14: warning: capture of 'self' in a closure that outlives deinit; this is an error in the Swift 6 language mode
        Task { @MainActor in
             ^

SwiftCompile normal x86_64 /Users/vaibhavtiwary/Desktop/VideoEnhnacer/VideoEnhnacer/Components/ExportOptionsView.swift (in target 'VideoEnhnacer' from project 'VideoEnhnacer')
    cd /Users/vaibhavtiwary/Desktop/VideoEnhnacer
    

SwiftCompile normal x86_64 Compiling\ VideoPropertyListView.swift,\ SettingsView.swift /Users/vaibhavtiwary/Desktop/VideoEnhnacer/VideoEnhnacer/Views/VideoPropertyListView.swift /Users/vaibhavtiwary/Desktop/VideoEnhnacer/VideoEnhnacer/Views/SettingsView.swift (in target 'VideoEnhnacer' from project 'VideoEnhnacer')

SwiftCompile normal x86_64 /Users/vaibhavtiwary/Desktop/VideoEnhnacer/VideoEnhnacer/Views/VideoPropertyListView.swift (in target 'VideoEnhnacer' from project 'VideoEnhnacer')
    cd /Users/vaibhavtiwary/Desktop/VideoEnhnacer
    

SwiftCompile normal x86_64 /Users/vaibhavtiwary/Desktop/VideoEnhnacer/VideoEnhnacer/Views/SettingsView.swift (in target 'VideoEnhnacer' from project 'VideoEnhnacer')
    cd /Users/vaibhavtiwary/Desktop/VideoEnhnacer
    

SwiftCompile normal x86_64 Compiling\ ContentView.swift,\ VideoComparisonSlider.swift /Users/vaibhavtiwary/Desktop/VideoEnhnacer/VideoEnhnacer/ContentView.swift /Users/vaibhavtiwary/Desktop/VideoEnhnacer/VideoEnhnacer/Components/VideoComparisonSlider.swift (in target 'VideoEnhnacer' from project 'VideoEnhnacer')

SwiftCompile normal x86_64 /Users/vaibhavtiwary/Desktop/VideoEnhnacer/VideoEnhnacer/ContentView.swift (in target 'VideoEnhnacer' from project 'VideoEnhnacer')
    cd /Users/vaibhavtiwary/Desktop/VideoEnhnacer
    

SwiftCompile normal x86_64 /Users/vaibhavtiwary/Desktop/VideoEnhnacer/VideoEnhnacer/Components/VideoComparisonSlider.swift (in target 'VideoEnhnacer' from project 'VideoEnhnacer')
    cd /Users/vaibhavtiwary/Desktop/VideoEnhnacer
    

SwiftCompile normal x86_64 Compiling\ FavoritesView.swift,\ ContentShree2.swift,\ FrameInterpolationService.swift /Users/vaibhavtiwary/Desktop/VideoEnhnacer/VideoEnhnacer/Views/FavoritesView.swift /Users/vaibhavtiwary/Desktop/VideoEnhnacer/VideoEnhnacer/ContentShree2.swift /Users/vaibhavtiwary/Desktop/VideoEnhnacer/VideoEnhnacer/Services/FrameInterpolationService.swift (in target 'VideoEnhnacer' from project 'VideoEnhnacer')
SwiftCompile normal x86_64 /Users/vaibhavtiwary/Desktop/VideoEnhnacer/VideoEnhnacer/Views/FavoritesView.swift (in target 'VideoEnhnacer' from project 'VideoEnhnacer')
    cd /Users/vaibhavtiwary/Desktop/VideoEnhnacer
    

SwiftCompile normal x86_64 /Users/vaibhavtiwary/Desktop/VideoEnhnacer/VideoEnhnacer/ContentShree2.swift (in target 'VideoEnhnacer' from project 'VideoEnhnacer')
    cd /Users/vaibhavtiwary/Desktop/VideoEnhnacer
    
/Users/vaibhavtiwary/Desktop/VideoEnhnacer/VideoEnhnacer/ContentShree2.swift:457:9: warning: code after 'return' will never be executed
        PHPhotoLibrary.requestAuthorization { status in
        ^

SwiftCompile normal x86_64 /Users/vaibhavtiwary/Desktop/VideoEnhnacer/VideoEnhnacer/Services/FrameInterpolationService.swift (in target 'VideoEnhnacer' from project 'VideoEnhnacer')
    cd /Users/vaibhavtiwary/Desktop/VideoEnhnacer
    
/Users/vaibhavtiwary/Desktop/VideoEnhnacer/VideoEnhnacer/Services/FrameInterpolationService.swift:237:9: warning: code after 'return' will never be executed
        PHPhotoLibrary.requestAuthorization { status in
        ^

SwiftCompile normal x86_64 Compiling\ View+Extensions.swift,\ EnhancementService.swift /Users/vaibhavtiwary/Desktop/VideoEnhnacer/VideoEnhnacer/Extensions/View+Extensions.swift /Users/vaibhavtiwary/Desktop/VideoEnhnacer/VideoEnhnacer/Services/EnhancementService.swift (in target 'VideoEnhnacer' from project 'VideoEnhnacer')

SwiftCompile normal x86_64 /Users/vaibhavtiwary/Desktop/VideoEnhnacer/VideoEnhnacer/Extensions/View+Extensions.swift (in target 'VideoEnhnacer' from project 'VideoEnhnacer')
    cd /Users/vaibhavtiwary/Desktop/VideoEnhnacer
    

SwiftCompile normal x86_64 /Users/vaibhavtiwary/Desktop/VideoEnhnacer/VideoEnhnacer/Services/EnhancementService.swift (in target 'VideoEnhnacer' from project 'VideoEnhnacer')
    cd /Users/vaibhavtiwary/Desktop/VideoEnhnacer
    

SwiftEmitModule normal arm64 Emitting\ module\ for\ VideoEnhnacer (in target 'VideoEnhnacer' from project 'VideoEnhnacer')

EmitSwiftModule normal arm64 (in target 'VideoEnhnacer' from project 'VideoEnhnacer')
    cd /Users/vaibhavtiwary/Desktop/VideoEnhnacer
    

SwiftDriverJobDiscovery normal x86_64 Compiling AppGradients.swift, VideoPlayerProtocol.swift, DocumentPickerDelegate.swift (in target 'VideoEnhnacer' from project 'VideoEnhnacer')

SwiftCompile normal x86_64 Compiling\ PageControlImageCarousel.swift,\ VideoTrimmingSlider.swift /Users/vaibhavtiwary/Desktop/VideoEnhnacer/VideoEnhnacer/Components/PageControlImageCarousel.swift /Users/vaibhavtiwary/Desktop/VideoEnhnacer/VideoEnhnacer/Components/VideoTrimmingSlider.swift (in target 'VideoEnhnacer' from project 'VideoEnhnacer')

SwiftCompile normal x86_64 /Users/vaibhavtiwary/Desktop/VideoEnhnacer/VideoEnhnacer/Components/PageControlImageCarousel.swift (in target 'VideoEnhnacer' from project 'VideoEnhnacer')
    cd /Users/vaibhavtiwary/Desktop/VideoEnhnacer
    

SwiftCompile normal x86_64 /Users/vaibhavtiwary/Desktop/VideoEnhnacer/VideoEnhnacer/Components/VideoTrimmingSlider.swift (in target 'VideoEnhnacer' from project 'VideoEnhnacer')
    cd /Users/vaibhavtiwary/Desktop/VideoEnhnacer
    

SwiftDriverJobDiscovery normal x86_64 Compiling View+Extensions.swift, EnhancementService.swift (in target 'VideoEnhnacer' from project 'VideoEnhnacer')

SwiftCompile normal x86_64 Compiling\ VideoEnhnacerApp.swift /Users/vaibhavtiwary/Desktop/VideoEnhnacer/VideoEnhnacer/VideoEnhnacerApp.swift (in target 'VideoEnhnacer' from project 'VideoEnhnacer')

SwiftCompile normal x86_64 /Users/vaibhavtiwary/Desktop/VideoEnhnacer/VideoEnhnacer/VideoEnhnacerApp.swift (in target 'VideoEnhnacer' from project 'VideoEnhnacer')
    cd /Users/vaibhavtiwary/Desktop/VideoEnhnacer
    

SwiftDriverJobDiscovery normal x86_64 Compiling VideoPlayerViewModel.swift, FloatingActionButton.swift (in target 'VideoEnhnacer' from project 'VideoEnhnacer')

SwiftCompile normal x86_64 Compiling\ DeepLinkHandler.swift,\ RefactoredVideoTrimmingView.swift,\ VideoResultsView.swift /Users/vaibhavtiwary/Desktop/VideoEnhnacer/VideoEnhnacer/Utilities/DeepLinkHandler.swift /Users/vaibhavtiwary/Desktop/VideoEnhnacer/VideoEnhnacer/Views/Trimming/RefactoredVideoTrimmingView.swift /Users/vaibhavtiwary/Desktop/VideoEnhnacer/VideoEnhnacer/Views/VideoResultsView.swift (in target 'VideoEnhnacer' from project 'VideoEnhnacer')
SwiftCompile normal x86_64 /Users/vaibhavtiwary/Desktop/VideoEnhnacer/VideoEnhnacer/Utilities/DeepLinkHandler.swift (in target 'VideoEnhnacer' from project 'VideoEnhnacer')
    cd /Users/vaibhavtiwary/Desktop/VideoEnhnacer
    

SwiftCompile normal x86_64 /Users/vaibhavtiwary/Desktop/VideoEnhnacer/VideoEnhnacer/Views/Trimming/RefactoredVideoTrimmingView.swift (in target 'VideoEnhnacer' from project 'VideoEnhnacer')
    cd /Users/vaibhavtiwary/Desktop/VideoEnhnacer
    

SwiftCompile normal x86_64 /Users/vaibhavtiwary/Desktop/VideoEnhnacer/VideoEnhnacer/Views/VideoResultsView.swift (in target 'VideoEnhnacer' from project 'VideoEnhnacer')
    cd /Users/vaibhavtiwary/Desktop/VideoEnhnacer
    

SwiftDriverJobDiscovery normal x86_64 Compiling VideoPropertyListView.swift, SettingsView.swift (in target 'VideoEnhnacer' from project 'VideoEnhnacer')

SwiftCompile normal x86_64 Compiling\ NativeVideoTrimmerView.swift,\ HomeView.swift,\ CustomTabBar.swift /Users/vaibhavtiwary/Desktop/VideoEnhnacer/VideoEnhnacer/Components/NativeVideoTrimmerView.swift /Users/vaibhavtiwary/Desktop/VideoEnhnacer/VideoEnhnacer/Views/HomeView.swift /Users/vaibhavtiwary/Desktop/VideoEnhnacer/VideoEnhnacer/Components/CustomTabBar.swift (in target 'VideoEnhnacer' from project 'VideoEnhnacer')

SwiftCompile normal x86_64 /Users/vaibhavtiwary/Desktop/VideoEnhnacer/VideoEnhnacer/Components/NativeVideoTrimmerView.swift (in target 'VideoEnhnacer' from project 'VideoEnhnacer')
    cd /Users/vaibhavtiwary/Desktop/VideoEnhnacer
    

SwiftCompile normal x86_64 /Users/vaibhavtiwary/Desktop/VideoEnhnacer/VideoEnhnacer/Views/HomeView.swift (in target 'VideoEnhnacer' from project 'VideoEnhnacer')
    cd /Users/vaibhavtiwary/Desktop/VideoEnhnacer
    

SwiftCompile normal x86_64 /Users/vaibhavtiwary/Desktop/VideoEnhnacer/VideoEnhnacer/Components/CustomTabBar.swift (in target 'VideoEnhnacer' from project 'VideoEnhnacer')
    cd /Users/vaibhavtiwary/Desktop/VideoEnhnacer
    

SwiftDriverJobDiscovery normal x86_64 Compiling VideoEnhnacerApp.swift (in target 'VideoEnhnacer' from project 'VideoEnhnacer')

SwiftCompile normal x86_64 Compiling\ ServerEnhancementService.swift,\ VideoTrimmingViewModel.swift,\ MyCreationsView.swift /Users/vaibhavtiwary/Desktop/VideoEnhnacer/VideoEnhnacer/Services/ServerEnhancementService.swift /Users/vaibhavtiwary/Desktop/VideoEnhnacer/VideoEnhnacer/ViewModels/VideoTrimmingViewModel.swift /Users/vaibhavtiwary/Desktop/VideoEnhnacer/VideoEnhnacer/Views/MyCreationsView.swift (in target 'VideoEnhnacer' from project 'VideoEnhnacer')

SwiftCompile normal x86_64 /Users/vaibhavtiwary/Desktop/VideoEnhnacer/VideoEnhnacer/Services/ServerEnhancementService.swift (in target 'VideoEnhnacer' from project 'VideoEnhnacer')
    cd /Users/vaibhavtiwary/Desktop/VideoEnhnacer
    
/Users/vaibhavtiwary/Desktop/VideoEnhnacer/VideoEnhnacer/Services/ServerEnhancementService.swift:179:34: warning: capture of 'self' with non-sendable type 'ServerEnhancementService?' in a '@Sendable' closure
                guard let self = self else { return }
                                 ^
/Users/vaibhavtiwary/Desktop/VideoEnhnacer/VideoEnhnacer/Services/ServerEnhancementService.swift:8:13: note: class 'ServerEnhancementService' does not conform to the 'Sendable' protocol
final class ServerEnhancementService: ObservableObject, EnhancementServiceProtocol {
            ^

SwiftCompile normal x86_64 /Users/vaibhavtiwary/Desktop/VideoEnhnacer/VideoEnhnacer/ViewModels/VideoTrimmingViewModel.swift (in target 'VideoEnhnacer' from project 'VideoEnhnacer')
    cd /Users/vaibhavtiwary/Desktop/VideoEnhnacer
    
/Users/vaibhavtiwary/Desktop/VideoEnhnacer/VideoEnhnacer/Services/ServerEnhancementService.swift:179:34: warning: capture of 'self' with non-sendable type 'ServerEnhancementService?' in a '@Sendable' closure
                guard let self = self else { return }
                                 ^
/Users/vaibhavtiwary/Desktop/VideoEnhnacer/VideoEnhnacer/Services/ServerEnhancementService.swift:8:13: note: class 'ServerEnhancementService' does not conform to the 'Sendable' protocol
final class ServerEnhancementService: ObservableObject, EnhancementServiceProtocol {
            ^

SwiftCompile normal x86_64 /Users/vaibhavtiwary/Desktop/VideoEnhnacer/VideoEnhnacer/Views/MyCreationsView.swift (in target 'VideoEnhnacer' from project 'VideoEnhnacer')
    cd /Users/vaibhavtiwary/Desktop/VideoEnhnacer
    
/Users/vaibhavtiwary/Desktop/VideoEnhnacer/VideoEnhnacer/Services/ServerEnhancementService.swift:179:34: warning: capture of 'self' with non-sendable type 'ServerEnhancementService?' in a '@Sendable' closure
                guard let self = self else { return }
                                 ^
/Users/vaibhavtiwary/Desktop/VideoEnhnacer/VideoEnhnacer/Services/ServerEnhancementService.swift:8:13: note: class 'ServerEnhancementService' does not conform to the 'Sendable' protocol
final class ServerEnhancementService: ObservableObject, EnhancementServiceProtocol {
            ^

SwiftDriverJobDiscovery normal x86_64 Emitting module for VideoEnhnacer (in target 'VideoEnhnacer' from project 'VideoEnhnacer')

SwiftDriver\ Compilation\ Requirements VideoEnhnacer normal x86_64 com.apple.xcode.tools.swift.compiler (in target 'VideoEnhnacer' from project 'VideoEnhnacer')
    cd /Users/vaibhavtiwary/Desktop/VideoEnhnacer
    builtin-Swift-Compilation-Requirements -- /Applications/Xcode.app/Contents/Developer/Toolchains/XcodeDefault.xctoolchain/usr/bin/swiftc -module-name VideoEnhnacer -Onone -enforce-exclusivity\=checked @/Users/vaibhavtiwary/Library/Developer/Xcode/DerivedData/VideoEnhnacer-dqopdjmhhzmcwpbypehgajypqwjs/Build/Intermediates.noindex/VideoEnhnacer.build/Debug-iphonesimulator/VideoEnhnacer.build/Objects-normal/x86_64/VideoEnhnacer.SwiftFileList -DDEBUG -enable-bare-slash-regex -enable-experimental-feature DebugDescriptionMacro -sdk /Applications/Xcode.app/Contents/Developer/Platforms/iPhoneSimulator.platform/Developer/SDKs/iPhoneSimulator18.5.sdk -target x86_64-apple-ios15.6-simulator -g -module-cache-path /Users/vaibhavtiwary/Library/Developer/Xcode/DerivedData/ModuleCache.noindex -Xfrontend -serialize-debugging-options -enable-testing -index-store-path /Users/vaibhavtiwary/Library/Developer/Xcode/DerivedData/VideoEnhnacer-dqopdjmhhzmcwpbypehgajypqwjs/Index.noindex/DataStore -swift-version 5 -I /Users/vaibhavtiwary/Library/Developer/Xcode/DerivedData/VideoEnhnacer-dqopdjmhhzmcwpbypehgajypqwjs/Build/Products/Debug-iphonesimulator -F /Users/vaibhavtiwary/Library/Developer/Xcode/DerivedData/VideoEnhnacer-dqopdjmhhzmcwpbypehgajypqwjs/Build/Products/Debug-iphonesimulator/PackageFrameworks -F /Users/vaibhavtiwary/Library/Developer/Xcode/DerivedData/VideoEnhnacer-dqopdjmhhzmcwpbypehgajypqwjs/Build/Products/Debug-iphonesimulator -emit-localized-strings -emit-localized-strings-path /Users/vaibhavtiwary/Library/Developer/Xcode/DerivedData/VideoEnhnacer-dqopdjmhhzmcwpbypehgajypqwjs/Build/Intermediates.noindex/VideoEnhnacer.build/Debug-iphonesimulator/VideoEnhnacer.build/Objects-normal/x86_64 -c -j10 -enable-batch-mode -incremental -Xcc -ivfsstatcache -Xcc /Users/vaibhavtiwary/Library/Developer/Xcode/DerivedData/SDKStatCaches.noindex/iphonesimulator18.5-22F76-d5fc8ad4295d2ef488fb7d0f804ce0c4.sdkstatcache -output-file-map /Users/vaibhavtiwary/Library/Developer/Xcode/DerivedData/VideoEnhnacer-dqopdjmhhzmcwpbypehgajypqwjs/Build/Intermediates.noindex/VideoEnhnacer.build/Debug-iphonesimulator/VideoEnhnacer.build/Objects-normal/x86_64/VideoEnhnacer-OutputFileMap.json -use-frontend-parseable-output -save-temps -no-color-diagnostics -serialize-diagnostics -emit-dependencies -emit-module -emit-module-path /Users/vaibhavtiwary/Library/Developer/Xcode/DerivedData/VideoEnhnacer-dqopdjmhhzmcwpbypehgajypqwjs/Build/Intermediates.noindex/VideoEnhnacer.build/Debug-iphonesimulator/VideoEnhnacer.build/Objects-normal/x86_64/VideoEnhnacer.swiftmodule -validate-clang-modules-once -clang-build-session-file /Users/vaibhavtiwary/Library/Developer/Xcode/DerivedData/ModuleCache.noindex/Session.modulevalidation -Xcc -I/Users/vaibhavtiwary/Library/Developer/Xcode/DerivedData/VideoEnhnacer-dqopdjmhhzmcwpbypehgajypqwjs/Build/Intermediates.noindex/VideoEnhnacer.build/Debug-iphonesimulator/VideoEnhnacer.build/swift-overrides.hmap -emit-const-values -Xfrontend -const-gather-protocols-file -Xfrontend /Users/vaibhavtiwary/Library/Developer/Xcode/DerivedData/VideoEnhnacer-dqopdjmhhzmcwpbypehgajypqwjs/Build/Intermediates.noindex/VideoEnhnacer.build/Debug-iphonesimulator/VideoEnhnacer.build/Objects-normal/x86_64/VideoEnhnacer_const_extract_protocols.json -Xcc -iquote -Xcc /Users/vaibhavtiwary/Library/Developer/Xcode/DerivedData/VideoEnhnacer-dqopdjmhhzmcwpbypehgajypqwjs/Build/Intermediates.noindex/VideoEnhnacer.build/Debug-iphonesimulator/VideoEnhnacer.build/VideoEnhnacer-generated-files.hmap -Xcc -I/Users/vaibhavtiwary/Library/Developer/Xcode/DerivedData/VideoEnhnacer-dqopdjmhhzmcwpbypehgajypqwjs/Build/Intermediates.noindex/VideoEnhnacer.build/Debug-iphonesimulator/VideoEnhnacer.build/VideoEnhnacer-own-target-headers.hmap -Xcc -I/Users/vaibhavtiwary/Library/Developer/Xcode/DerivedData/VideoEnhnacer-dqopdjmhhzmcwpbypehgajypqwjs/Build/Intermediates.noindex/VideoEnhnacer.build/Debug-iphonesimulator/VideoEnhnacer.build/VideoEnhnacer-all-non-framework-target-headers.hmap -Xcc -ivfsoverlay -Xcc /Users/vaibhavtiwary/Library/Developer/Xcode/DerivedData/VideoEnhnacer-dqopdjmhhzmcwpbypehgajypqwjs/Build/Intermediates.noindex/VideoEnhnacer.build/Debug-iphonesimulator/VideoEnhnacer-0bd6c0aff6428f03145378ef92fdfbee-VFS-iphonesimulator/all-product-headers.yaml -Xcc -iquote -Xcc /Users/vaibhavtiwary/Library/Developer/Xcode/DerivedData/VideoEnhnacer-dqopdjmhhzmcwpbypehgajypqwjs/Build/Intermediates.noindex/VideoEnhnacer.build/Debug-iphonesimulator/VideoEnhnacer.build/VideoEnhnacer-project-headers.hmap -Xcc -I/Users/vaibhavtiwary/Library/Developer/Xcode/DerivedData/VideoEnhnacer-dqopdjmhhzmcwpbypehgajypqwjs/Build/Products/Debug-iphonesimulator/include -Xcc -I/Users/vaibhavtiwary/Library/Developer/Xcode/DerivedData/VideoEnhnacer-dqopdjmhhzmcwpbypehgajypqwjs/Build/Intermediates.noindex/VideoEnhnacer.build/Debug-iphonesimulator/VideoEnhnacer.build/DerivedSources-normal/x86_64 -Xcc -I/Users/vaibhavtiwary/Library/Developer/Xcode/DerivedData/VideoEnhnacer-dqopdjmhhzmcwpbypehgajypqwjs/Build/Intermediates.noindex/VideoEnhnacer.build/Debug-iphonesimulator/VideoEnhnacer.build/DerivedSources/x86_64 -Xcc -I/Users/vaibhavtiwary/Library/Developer/Xcode/DerivedData/VideoEnhnacer-dqopdjmhhzmcwpbypehgajypqwjs/Build/Intermediates.noindex/VideoEnhnacer.build/Debug-iphonesimulator/VideoEnhnacer.build/DerivedSources -Xcc -DDEBUG\=1 -emit-objc-header -emit-objc-header-path /Users/vaibhavtiwary/Library/Developer/Xcode/DerivedData/VideoEnhnacer-dqopdjmhhzmcwpbypehgajypqwjs/Build/Intermediates.noindex/VideoEnhnacer.build/Debug-iphonesimulator/VideoEnhnacer.build/Objects-normal/x86_64/VideoEnhnacer-Swift.h -working-directory /Users/vaibhavtiwary/Desktop/VideoEnhnacer -experimental-emit-module-separately -disable-cmo

SwiftDriverJobDiscovery normal x86_64 Compiling ImageComparisonCard.swift, VideoPlayerView.swift, iOS15Compatibility.swift (in target 'VideoEnhnacer' from project 'VideoEnhnacer')

SwiftCompile normal x86_64 Compiling\ RefactoredEnhancementSelectionView.swift,\ VideoPickerView.swift,\ NeomorphicButton.swift /Users/vaibhavtiwary/Desktop/VideoEnhnacer/VideoEnhnacer/Views/Enhancement/RefactoredEnhancementSelectionView.swift /Users/vaibhavtiwary/Desktop/VideoEnhnacer/VideoEnhnacer/Views/VideoPickerView.swift /Users/vaibhavtiwary/Desktop/VideoEnhnacer/VideoEnhnacer/Components/NeomorphicButton.swift (in target 'VideoEnhnacer' from project 'VideoEnhnacer')
SwiftCompile normal x86_64 /Users/vaibhavtiwary/Desktop/VideoEnhnacer/VideoEnhnacer/Views/Enhancement/RefactoredEnhancementSelectionView.swift (in target 'VideoEnhnacer' from project 'VideoEnhnacer')
    cd /Users/vaibhavtiwary/Desktop/VideoEnhnacer
    

SwiftCompile normal x86_64 /Users/vaibhavtiwary/Desktop/VideoEnhnacer/VideoEnhnacer/Views/VideoPickerView.swift (in target 'VideoEnhnacer' from project 'VideoEnhnacer')
    cd /Users/vaibhavtiwary/Desktop/VideoEnhnacer
    

SwiftCompile normal x86_64 /Users/vaibhavtiwary/Desktop/VideoEnhnacer/VideoEnhnacer/Components/NeomorphicButton.swift (in target 'VideoEnhnacer' from project 'VideoEnhnacer')
    cd /Users/vaibhavtiwary/Desktop/VideoEnhnacer
    

Copy /Users/vaibhavtiwary/Library/Developer/Xcode/DerivedData/VideoEnhnacer-dqopdjmhhzmcwpbypehgajypqwjs/Build/Products/Debug-iphonesimulator/VideoEnhnacer.swiftmodule/x86_64-apple-ios-simulator.swiftmodule /Users/vaibhavtiwary/Library/Developer/Xcode/DerivedData/VideoEnhnacer-dqopdjmhhzmcwpbypehgajypqwjs/Build/Intermediates.noindex/VideoEnhnacer.build/Debug-iphonesimulator/VideoEnhnacer.build/Objects-normal/x86_64/VideoEnhnacer.swiftmodule (in target 'VideoEnhnacer' from project 'VideoEnhnacer')
    cd /Users/vaibhavtiwary/Desktop/VideoEnhnacer
    builtin-copy -exclude .DS_Store -exclude CVS -exclude .svn -exclude .git -exclude .hg -resolve-src-symlinks -rename /Users/vaibhavtiwary/Library/Developer/Xcode/DerivedData/VideoEnhnacer-dqopdjmhhzmcwpbypehgajypqwjs/Build/Intermediates.noindex/VideoEnhnacer.build/Debug-iphonesimulator/VideoEnhnacer.build/Objects-normal/x86_64/VideoEnhnacer.swiftmodule /Users/vaibhavtiwary/Library/Developer/Xcode/DerivedData/VideoEnhnacer-dqopdjmhhzmcwpbypehgajypqwjs/Build/Products/Debug-iphonesimulator/VideoEnhnacer.swiftmodule/x86_64-apple-ios-simulator.swiftmodule

SwiftDriverJobDiscovery normal x86_64 Compiling ContentView.swift, VideoComparisonSlider.swift (in target 'VideoEnhnacer' from project 'VideoEnhnacer')

Copy /Users/vaibhavtiwary/Library/Developer/Xcode/DerivedData/VideoEnhnacer-dqopdjmhhzmcwpbypehgajypqwjs/Build/Products/Debug-iphonesimulator/VideoEnhnacer.swiftmodule/x86_64-apple-ios-simulator.swiftdoc /Users/vaibhavtiwary/Library/Developer/Xcode/DerivedData/VideoEnhnacer-dqopdjmhhzmcwpbypehgajypqwjs/Build/Intermediates.noindex/VideoEnhnacer.build/Debug-iphonesimulator/VideoEnhnacer.build/Objects-normal/x86_64/VideoEnhnacer.swiftdoc (in target 'VideoEnhnacer' from project 'VideoEnhnacer')
    cd /Users/vaibhavtiwary/Desktop/VideoEnhnacer
    builtin-copy -exclude .DS_Store -exclude CVS -exclude .svn -exclude .git -exclude .hg -resolve-src-symlinks -rename /Users/vaibhavtiwary/Library/Developer/Xcode/DerivedData/VideoEnhnacer-dqopdjmhhzmcwpbypehgajypqwjs/Build/Intermediates.noindex/VideoEnhnacer.build/Debug-iphonesimulator/VideoEnhnacer.build/Objects-normal/x86_64/VideoEnhnacer.swiftdoc /Users/vaibhavtiwary/Library/Developer/Xcode/DerivedData/VideoEnhnacer-dqopdjmhhzmcwpbypehgajypqwjs/Build/Products/Debug-iphonesimulator/VideoEnhnacer.swiftmodule/x86_64-apple-ios-simulator.swiftdoc

Copy /Users/vaibhavtiwary/Library/Developer/Xcode/DerivedData/VideoEnhnacer-dqopdjmhhzmcwpbypehgajypqwjs/Build/Products/Debug-iphonesimulator/VideoEnhnacer.swiftmodule/x86_64-apple-ios-simulator.abi.json /Users/vaibhavtiwary/Library/Developer/Xcode/DerivedData/VideoEnhnacer-dqopdjmhhzmcwpbypehgajypqwjs/Build/Intermediates.noindex/VideoEnhnacer.build/Debug-iphonesimulator/VideoEnhnacer.build/Objects-normal/x86_64/VideoEnhnacer.abi.json (in target 'VideoEnhnacer' from project 'VideoEnhnacer')
    cd /Users/vaibhavtiwary/Desktop/VideoEnhnacer
    builtin-copy -exclude .DS_Store -exclude CVS -exclude .svn -exclude .git -exclude .hg -resolve-src-symlinks -rename /Users/vaibhavtiwary/Library/Developer/Xcode/DerivedData/VideoEnhnacer-dqopdjmhhzmcwpbypehgajypqwjs/Build/Intermediates.noindex/VideoEnhnacer.build/Debug-iphonesimulator/VideoEnhnacer.build/Objects-normal/x86_64/VideoEnhnacer.abi.json /Users/vaibhavtiwary/Library/Developer/Xcode/DerivedData/VideoEnhnacer-dqopdjmhhzmcwpbypehgajypqwjs/Build/Products/Debug-iphonesimulator/VideoEnhnacer.swiftmodule/x86_64-apple-ios-simulator.abi.json

Copy /Users/vaibhavtiwary/Library/Developer/Xcode/DerivedData/VideoEnhnacer-dqopdjmhhzmcwpbypehgajypqwjs/Build/Products/Debug-iphonesimulator/VideoEnhnacer.swiftmodule/Project/x86_64-apple-ios-simulator.swiftsourceinfo /Users/vaibhavtiwary/Library/Developer/Xcode/DerivedData/VideoEnhnacer-dqopdjmhhzmcwpbypehgajypqwjs/Build/Intermediates.noindex/VideoEnhnacer.build/Debug-iphonesimulator/VideoEnhnacer.build/Objects-normal/x86_64/VideoEnhnacer.swiftsourceinfo (in target 'VideoEnhnacer' from project 'VideoEnhnacer')
    cd /Users/vaibhavtiwary/Desktop/VideoEnhnacer
    builtin-copy -exclude .DS_Store -exclude CVS -exclude .svn -exclude .git -exclude .hg -resolve-src-symlinks -rename /Users/vaibhavtiwary/Library/Developer/Xcode/DerivedData/VideoEnhnacer-dqopdjmhhzmcwpbypehgajypqwjs/Build/Intermediates.noindex/VideoEnhnacer.build/Debug-iphonesimulator/VideoEnhnacer.build/Objects-normal/x86_64/VideoEnhnacer.swiftsourceinfo /Users/vaibhavtiwary/Library/Developer/Xcode/DerivedData/VideoEnhnacer-dqopdjmhhzmcwpbypehgajypqwjs/Build/Products/Debug-iphonesimulator/VideoEnhnacer.swiftmodule/Project/x86_64-apple-ios-simulator.swiftsourceinfo

SwiftCompile normal x86_64 Compiling\ VideoPlayerService.swift,\ ImageComparisonSlider.swift /Users/vaibhavtiwary/Desktop/VideoEnhnacer/VideoEnhnacer/Services/VideoPlayerService.swift /Users/vaibhavtiwary/Desktop/VideoEnhnacer/VideoEnhnacer/Components/ImageComparisonSlider.swift (in target 'VideoEnhnacer' from project 'VideoEnhnacer')

SwiftCompile normal x86_64 /Users/vaibhavtiwary/Desktop/VideoEnhnacer/VideoEnhnacer/Services/VideoPlayerService.swift (in target 'VideoEnhnacer' from project 'VideoEnhnacer')
    cd /Users/vaibhavtiwary/Desktop/VideoEnhnacer
    
/Users/vaibhavtiwary/Desktop/VideoEnhnacer/VideoEnhnacer/Services/VideoPlayerService.swift:113:9: warning: expression is 'async' but is not marked with 'await'; this is an error in the Swift 6 language mode
        playerPair.normal.play()
        ^~~~~~~~~~~~~~~~~~~~~~~~
        await 
/Users/vaibhavtiwary/Desktop/VideoEnhnacer/VideoEnhnacer/Services/VideoPlayerService.swift:113:9: note: calls to instance method 'play()' from outside of its actor context are implicitly asynchronous
        playerPair.normal.play()
        ^
/Users/vaibhavtiwary/Desktop/VideoEnhnacer/VideoEnhnacer/Services/VideoPlayerService.swift:114:9: warning: expression is 'async' but is not marked with 'await'; this is an error in the Swift 6 language mode
        playerPair.enhanced.play()
        ^~~~~~~~~~~~~~~~~~~~~~~~~~
        await 
/Users/vaibhavtiwary/Desktop/VideoEnhnacer/VideoEnhnacer/Services/VideoPlayerService.swift:114:9: note: calls to instance method 'play()' from outside of its actor context are implicitly asynchronous
        playerPair.enhanced.play()
        ^
/Users/vaibhavtiwary/Desktop/VideoEnhnacer/VideoEnhnacer/Services/VideoPlayerService.swift:222:50: warning: capture of 'asset' with non-sendable type 'AVAsset' in a '@Sendable' closure
                                    let status = asset.statusOfValue(forKey: "playable", error: &error)
                                                 ^
/Applications/Xcode.app/Contents/Developer/Platforms/iPhoneSimulator.platform/Developer/SDKs/iPhoneSimulator18.5.sdk/System/Library/Frameworks/AVFoundation.framework/Headers/AVAsset.h:62:12: note: class 'AVAsset' does not conform to the 'Sendable' protocol
@interface AVAsset : NSObject <NSCopying, AVAsynchronousKeyValueLoading>
           ^
/Users/vaibhavtiwary/Desktop/VideoEnhnacer/VideoEnhnacer/Services/VideoPlayerService.swift:2:1: warning: add '@preconcurrency' to suppress 'Sendable'-related warnings from module 'AVFoundation'
import AVFoundation
^
@preconcurrency 

SwiftCompile normal x86_64 /Users/vaibhavtiwary/Desktop/VideoEnhnacer/VideoEnhnacer/Components/ImageComparisonSlider.swift (in target 'VideoEnhnacer' from project 'VideoEnhnacer')
    cd /Users/vaibhavtiwary/Desktop/VideoEnhnacer
    

SwiftCompile normal arm64 Compiling\ ImageComparisonCard.swift /Users/vaibhavtiwary/Desktop/VideoEnhnacer/VideoEnhnacer/Components/ImageComparisonCard.swift (in target 'VideoEnhnacer' from project 'VideoEnhnacer')

SwiftCompile normal arm64 /Users/vaibhavtiwary/Desktop/VideoEnhnacer/VideoEnhnacer/Components/ImageComparisonCard.swift (in target 'VideoEnhnacer' from project 'VideoEnhnacer')
    cd /Users/vaibhavtiwary/Desktop/VideoEnhnacer
    

SwiftDriverJobDiscovery normal arm64 Emitting module for VideoEnhnacer (in target 'VideoEnhnacer' from project 'VideoEnhnacer')

SwiftDriver\ Compilation\ Requirements VideoEnhnacer normal arm64 com.apple.xcode.tools.swift.compiler (in target 'VideoEnhnacer' from project 'VideoEnhnacer')
    cd /Users/vaibhavtiwary/Desktop/VideoEnhnacer
    builtin-Swift-Compilation-Requirements -- /Applications/Xcode.app/Contents/Developer/Toolchains/XcodeDefault.xctoolchain/usr/bin/swiftc -module-name VideoEnhnacer -Onone -enforce-exclusivity\=checked @/Users/vaibhavtiwary/Library/Developer/Xcode/DerivedData/VideoEnhnacer-dqopdjmhhzmcwpbypehgajypqwjs/Build/Intermediates.noindex/VideoEnhnacer.build/Debug-iphonesimulator/VideoEnhnacer.build/Objects-normal/arm64/VideoEnhnacer.SwiftFileList -DDEBUG -enable-bare-slash-regex -enable-experimental-feature DebugDescriptionMacro -sdk /Applications/Xcode.app/Contents/Developer/Platforms/iPhoneSimulator.platform/Developer/SDKs/iPhoneSimulator18.5.sdk -target arm64-apple-ios15.6-simulator -g -module-cache-path /Users/vaibhavtiwary/Library/Developer/Xcode/DerivedData/ModuleCache.noindex -Xfrontend -serialize-debugging-options -enable-testing -index-store-path /Users/vaibhavtiwary/Library/Developer/Xcode/DerivedData/VideoEnhnacer-dqopdjmhhzmcwpbypehgajypqwjs/Index.noindex/DataStore -swift-version 5 -I /Users/vaibhavtiwary/Library/Developer/Xcode/DerivedData/VideoEnhnacer-dqopdjmhhzmcwpbypehgajypqwjs/Build/Products/Debug-iphonesimulator -F /Users/vaibhavtiwary/Library/Developer/Xcode/DerivedData/VideoEnhnacer-dqopdjmhhzmcwpbypehgajypqwjs/Build/Products/Debug-iphonesimulator/PackageFrameworks -F /Users/vaibhavtiwary/Library/Developer/Xcode/DerivedData/VideoEnhnacer-dqopdjmhhzmcwpbypehgajypqwjs/Build/Products/Debug-iphonesimulator -emit-localized-strings -emit-localized-strings-path /Users/vaibhavtiwary/Library/Developer/Xcode/DerivedData/VideoEnhnacer-dqopdjmhhzmcwpbypehgajypqwjs/Build/Intermediates.noindex/VideoEnhnacer.build/Debug-iphonesimulator/VideoEnhnacer.build/Objects-normal/arm64 -c -j10 -enable-batch-mode -incremental -Xcc -ivfsstatcache -Xcc /Users/vaibhavtiwary/Library/Developer/Xcode/DerivedData/SDKStatCaches.noindex/iphonesimulator18.5-22F76-d5fc8ad4295d2ef488fb7d0f804ce0c4.sdkstatcache -output-file-map /Users/vaibhavtiwary/Library/Developer/Xcode/DerivedData/VideoEnhnacer-dqopdjmhhzmcwpbypehgajypqwjs/Build/Intermediates.noindex/VideoEnhnacer.build/Debug-iphonesimulator/VideoEnhnacer.build/Objects-normal/arm64/VideoEnhnacer-OutputFileMap.json -use-frontend-parseable-output -save-temps -no-color-diagnostics -serialize-diagnostics -emit-dependencies -emit-module -emit-module-path /Users/vaibhavtiwary/Library/Developer/Xcode/DerivedData/VideoEnhnacer-dqopdjmhhzmcwpbypehgajypqwjs/Build/Intermediates.noindex/VideoEnhnacer.build/Debug-iphonesimulator/VideoEnhnacer.build/Objects-normal/arm64/VideoEnhnacer.swiftmodule -validate-clang-modules-once -clang-build-session-file /Users/vaibhavtiwary/Library/Developer/Xcode/DerivedData/ModuleCache.noindex/Session.modulevalidation -Xcc -I/Users/vaibhavtiwary/Library/Developer/Xcode/DerivedData/VideoEnhnacer-dqopdjmhhzmcwpbypehgajypqwjs/Build/Intermediates.noindex/VideoEnhnacer.build/Debug-iphonesimulator/VideoEnhnacer.build/swift-overrides.hmap -emit-const-values -Xfrontend -const-gather-protocols-file -Xfrontend /Users/vaibhavtiwary/Library/Developer/Xcode/DerivedData/VideoEnhnacer-dqopdjmhhzmcwpbypehgajypqwjs/Build/Intermediates.noindex/VideoEnhnacer.build/Debug-iphonesimulator/VideoEnhnacer.build/Objects-normal/arm64/VideoEnhnacer_const_extract_protocols.json -Xcc -iquote -Xcc /Users/vaibhavtiwary/Library/Developer/Xcode/DerivedData/VideoEnhnacer-dqopdjmhhzmcwpbypehgajypqwjs/Build/Intermediates.noindex/VideoEnhnacer.build/Debug-iphonesimulator/VideoEnhnacer.build/VideoEnhnacer-generated-files.hmap -Xcc -I/Users/vaibhavtiwary/Library/Developer/Xcode/DerivedData/VideoEnhnacer-dqopdjmhhzmcwpbypehgajypqwjs/Build/Intermediates.noindex/VideoEnhnacer.build/Debug-iphonesimulator/VideoEnhnacer.build/VideoEnhnacer-own-target-headers.hmap -Xcc -I/Users/vaibhavtiwary/Library/Developer/Xcode/DerivedData/VideoEnhnacer-dqopdjmhhzmcwpbypehgajypqwjs/Build/Intermediates.noindex/VideoEnhnacer.build/Debug-iphonesimulator/VideoEnhnacer.build/VideoEnhnacer-all-non-framework-target-headers.hmap -Xcc -ivfsoverlay -Xcc /Users/vaibhavtiwary/Library/Developer/Xcode/DerivedData/VideoEnhnacer-dqopdjmhhzmcwpbypehgajypqwjs/Build/Intermediates.noindex/VideoEnhnacer.build/Debug-iphonesimulator/VideoEnhnacer-0bd6c0aff6428f03145378ef92fdfbee-VFS-iphonesimulator/all-product-headers.yaml -Xcc -iquote -Xcc /Users/vaibhavtiwary/Library/Developer/Xcode/DerivedData/VideoEnhnacer-dqopdjmhhzmcwpbypehgajypqwjs/Build/Intermediates.noindex/VideoEnhnacer.build/Debug-iphonesimulator/VideoEnhnacer.build/VideoEnhnacer-project-headers.hmap -Xcc -I/Users/vaibhavtiwary/Library/Developer/Xcode/DerivedData/VideoEnhnacer-dqopdjmhhzmcwpbypehgajypqwjs/Build/Products/Debug-iphonesimulator/include -Xcc -I/Users/vaibhavtiwary/Library/Developer/Xcode/DerivedData/VideoEnhnacer-dqopdjmhhzmcwpbypehgajypqwjs/Build/Intermediates.noindex/VideoEnhnacer.build/Debug-iphonesimulator/VideoEnhnacer.build/DerivedSources-normal/arm64 -Xcc -I/Users/vaibhavtiwary/Library/Developer/Xcode/DerivedData/VideoEnhnacer-dqopdjmhhzmcwpbypehgajypqwjs/Build/Intermediates.noindex/VideoEnhnacer.build/Debug-iphonesimulator/VideoEnhnacer.build/DerivedSources/arm64 -Xcc -I/Users/vaibhavtiwary/Library/Developer/Xcode/DerivedData/VideoEnhnacer-dqopdjmhhzmcwpbypehgajypqwjs/Build/Intermediates.noindex/VideoEnhnacer.build/Debug-iphonesimulator/VideoEnhnacer.build/DerivedSources -Xcc -DDEBUG\=1 -emit-objc-header -emit-objc-header-path /Users/vaibhavtiwary/Library/Developer/Xcode/DerivedData/VideoEnhnacer-dqopdjmhhzmcwpbypehgajypqwjs/Build/Intermediates.noindex/VideoEnhnacer.build/Debug-iphonesimulator/VideoEnhnacer.build/Objects-normal/arm64/VideoEnhnacer-Swift.h -working-directory /Users/vaibhavtiwary/Desktop/VideoEnhnacer -experimental-emit-module-separately -disable-cmo

SwiftDriverJobDiscovery normal x86_64 Compiling EnhancementSelectionViewModel.swift, ExportOptionsView.swift (in target 'VideoEnhnacer' from project 'VideoEnhnacer')

SwiftCompile normal arm64 Compiling\ ContentView.swift /Users/vaibhavtiwary/Desktop/VideoEnhnacer/VideoEnhnacer/ContentView.swift (in target 'VideoEnhnacer' from project 'VideoEnhnacer')

SwiftCompile normal arm64 /Users/vaibhavtiwary/Desktop/VideoEnhnacer/VideoEnhnacer/ContentView.swift (in target 'VideoEnhnacer' from project 'VideoEnhnacer')
    cd /Users/vaibhavtiwary/Desktop/VideoEnhnacer
    

Copy /Users/vaibhavtiwary/Library/Developer/Xcode/DerivedData/VideoEnhnacer-dqopdjmhhzmcwpbypehgajypqwjs/Build/Products/Debug-iphonesimulator/VideoEnhnacer.swiftmodule/arm64-apple-ios-simulator.swiftmodule /Users/vaibhavtiwary/Library/Developer/Xcode/DerivedData/VideoEnhnacer-dqopdjmhhzmcwpbypehgajypqwjs/Build/Intermediates.noindex/VideoEnhnacer.build/Debug-iphonesimulator/VideoEnhnacer.build/Objects-normal/arm64/VideoEnhnacer.swiftmodule (in target 'VideoEnhnacer' from project 'VideoEnhnacer')
    cd /Users/vaibhavtiwary/Desktop/VideoEnhnacer
    builtin-copy -exclude .DS_Store -exclude CVS -exclude .svn -exclude .git -exclude .hg -resolve-src-symlinks -rename /Users/vaibhavtiwary/Library/Developer/Xcode/DerivedData/VideoEnhnacer-dqopdjmhhzmcwpbypehgajypqwjs/Build/Intermediates.noindex/VideoEnhnacer.build/Debug-iphonesimulator/VideoEnhnacer.build/Objects-normal/arm64/VideoEnhnacer.swiftmodule /Users/vaibhavtiwary/Library/Developer/Xcode/DerivedData/VideoEnhnacer-dqopdjmhhzmcwpbypehgajypqwjs/Build/Products/Debug-iphonesimulator/VideoEnhnacer.swiftmodule/arm64-apple-ios-simulator.swiftmodule

SwiftDriverJobDiscovery normal x86_64 Compiling VideoInfoCard.swift, EnhancementSelectionView.swift (in target 'VideoEnhnacer' from project 'VideoEnhnacer')

Copy /Users/vaibhavtiwary/Library/Developer/Xcode/DerivedData/VideoEnhnacer-dqopdjmhhzmcwpbypehgajypqwjs/Build/Products/Debug-iphonesimulator/VideoEnhnacer.swiftmodule/arm64-apple-ios-simulator.swiftdoc /Users/vaibhavtiwary/Library/Developer/Xcode/DerivedData/VideoEnhnacer-dqopdjmhhzmcwpbypehgajypqwjs/Build/Intermediates.noindex/VideoEnhnacer.build/Debug-iphonesimulator/VideoEnhnacer.build/Objects-normal/arm64/VideoEnhnacer.swiftdoc (in target 'VideoEnhnacer' from project 'VideoEnhnacer')
    cd /Users/vaibhavtiwary/Desktop/VideoEnhnacer
    builtin-copy -exclude .DS_Store -exclude CVS -exclude .svn -exclude .git -exclude .hg -resolve-src-symlinks -rename /Users/vaibhavtiwary/Library/Developer/Xcode/DerivedData/VideoEnhnacer-dqopdjmhhzmcwpbypehgajypqwjs/Build/Intermediates.noindex/VideoEnhnacer.build/Debug-iphonesimulator/VideoEnhnacer.build/Objects-normal/arm64/VideoEnhnacer.swiftdoc /Users/vaibhavtiwary/Library/Developer/Xcode/DerivedData/VideoEnhnacer-dqopdjmhhzmcwpbypehgajypqwjs/Build/Products/Debug-iphonesimulator/VideoEnhnacer.swiftmodule/arm64-apple-ios-simulator.swiftdoc

Copy /Users/vaibhavtiwary/Library/Developer/Xcode/DerivedData/VideoEnhnacer-dqopdjmhhzmcwpbypehgajypqwjs/Build/Products/Debug-iphonesimulator/VideoEnhnacer.swiftmodule/arm64-apple-ios-simulator.abi.json /Users/vaibhavtiwary/Library/Developer/Xcode/DerivedData/VideoEnhnacer-dqopdjmhhzmcwpbypehgajypqwjs/Build/Intermediates.noindex/VideoEnhnacer.build/Debug-iphonesimulator/VideoEnhnacer.build/Objects-normal/arm64/VideoEnhnacer.abi.json (in target 'VideoEnhnacer' from project 'VideoEnhnacer')
    cd /Users/vaibhavtiwary/Desktop/VideoEnhnacer
    builtin-copy -exclude .DS_Store -exclude CVS -exclude .svn -exclude .git -exclude .hg -resolve-src-symlinks -rename /Users/vaibhavtiwary/Library/Developer/Xcode/DerivedData/VideoEnhnacer-dqopdjmhhzmcwpbypehgajypqwjs/Build/Intermediates.noindex/VideoEnhnacer.build/Debug-iphonesimulator/VideoEnhnacer.build/Objects-normal/arm64/VideoEnhnacer.abi.json /Users/vaibhavtiwary/Library/Developer/Xcode/DerivedData/VideoEnhnacer-dqopdjmhhzmcwpbypehgajypqwjs/Build/Products/Debug-iphonesimulator/VideoEnhnacer.swiftmodule/arm64-apple-ios-simulator.abi.json

Copy /Users/vaibhavtiwary/Library/Developer/Xcode/DerivedData/VideoEnhnacer-dqopdjmhhzmcwpbypehgajypqwjs/Build/Products/Debug-iphonesimulator/VideoEnhnacer.swiftmodule/Project/arm64-apple-ios-simulator.swiftsourceinfo /Users/vaibhavtiwary/Library/Developer/Xcode/DerivedData/VideoEnhnacer-dqopdjmhhzmcwpbypehgajypqwjs/Build/Intermediates.noindex/VideoEnhnacer.build/Debug-iphonesimulator/VideoEnhnacer.build/Objects-normal/arm64/VideoEnhnacer.swiftsourceinfo (in target 'VideoEnhnacer' from project 'VideoEnhnacer')
    cd /Users/vaibhavtiwary/Desktop/VideoEnhnacer
    builtin-copy -exclude .DS_Store -exclude CVS -exclude .svn -exclude .git -exclude .hg -resolve-src-symlinks -rename /Users/vaibhavtiwary/Library/Developer/Xcode/DerivedData/VideoEnhnacer-dqopdjmhhzmcwpbypehgajypqwjs/Build/Intermediates.noindex/VideoEnhnacer.build/Debug-iphonesimulator/VideoEnhnacer.build/Objects-normal/arm64/VideoEnhnacer.swiftsourceinfo /Users/vaibhavtiwary/Library/Developer/Xcode/DerivedData/VideoEnhnacer-dqopdjmhhzmcwpbypehgajypqwjs/Build/Products/Debug-iphonesimulator/VideoEnhnacer.swiftmodule/Project/arm64-apple-ios-simulator.swiftsourceinfo

SwiftCompile normal x86_64 Compiling\ EnhancementOptionSelector.swift,\ VideoComparisonCard.swift,\ NavigationCoordinatorProtocol.swift /Users/vaibhavtiwary/Desktop/VideoEnhnacer/VideoEnhnacer/Components/EnhancementOptionSelector.swift /Users/vaibhavtiwary/Desktop/VideoEnhnacer/VideoEnhnacer/Components/VideoComparisonCard.swift /Users/vaibhavtiwary/Desktop/VideoEnhnacer/VideoEnhnacer/Protocols/NavigationCoordinatorProtocol.swift (in target 'VideoEnhnacer' from project 'VideoEnhnacer')

SwiftCompile normal x86_64 /Users/vaibhavtiwary/Desktop/VideoEnhnacer/VideoEnhnacer/Components/EnhancementOptionSelector.swift (in target 'VideoEnhnacer' from project 'VideoEnhnacer')
    cd /Users/vaibhavtiwary/Desktop/VideoEnhnacer
    

SwiftCompile normal x86_64 /Users/vaibhavtiwary/Desktop/VideoEnhnacer/VideoEnhnacer/Components/VideoComparisonCard.swift (in target 'VideoEnhnacer' from project 'VideoEnhnacer')
    cd /Users/vaibhavtiwary/Desktop/VideoEnhnacer
    

SwiftCompile normal x86_64 /Users/vaibhavtiwary/Desktop/VideoEnhnacer/VideoEnhnacer/Protocols/NavigationCoordinatorProtocol.swift (in target 'VideoEnhnacer' from project 'VideoEnhnacer')
    cd /Users/vaibhavtiwary/Desktop/VideoEnhnacer
    

SwiftCompile normal x86_64 Compiling\ VideoProcessingProtocol.swift /Users/vaibhavtiwary/Desktop/VideoEnhnacer/VideoEnhnacer/Protocols/VideoProcessingProtocol.swift (in target 'VideoEnhnacer' from project 'VideoEnhnacer')

SwiftCompile normal x86_64 /Users/vaibhavtiwary/Desktop/VideoEnhnacer/VideoEnhnacer/Protocols/VideoProcessingProtocol.swift (in target 'VideoEnhnacer' from project 'VideoEnhnacer')
    cd /Users/vaibhavtiwary/Desktop/VideoEnhnacer
    

SwiftDriverJobDiscovery normal x86_64 Compiling NativeVideoTrimmerView.swift, HomeView.swift, CustomTabBar.swift (in target 'VideoEnhnacer' from project 'VideoEnhnacer')

SwiftCompile normal x86_64 Compiling\ SpatialVideoPreview.swift,\ DIContainer.swift,\ EnhancementServiceProtocol.swift /Users/vaibhavtiwary/Desktop/VideoEnhnacer/VideoEnhnacer/Components/SpatialVideoPreview.swift /Users/vaibhavtiwary/Desktop/VideoEnhnacer/VideoEnhnacer/DependencyInjection/DIContainer.swift /Users/vaibhavtiwary/Desktop/VideoEnhnacer/VideoEnhnacer/Protocols/EnhancementServiceProtocol.swift (in target 'VideoEnhnacer' from project 'VideoEnhnacer')

SwiftCompile normal x86_64 /Users/vaibhavtiwary/Desktop/VideoEnhnacer/VideoEnhnacer/Components/SpatialVideoPreview.swift (in target 'VideoEnhnacer' from project 'VideoEnhnacer')
    cd /Users/vaibhavtiwary/Desktop/VideoEnhnacer
    

SwiftCompile normal x86_64 /Users/vaibhavtiwary/Desktop/VideoEnhnacer/VideoEnhnacer/DependencyInjection/DIContainer.swift (in target 'VideoEnhnacer' from project 'VideoEnhnacer')
    cd /Users/vaibhavtiwary/Desktop/VideoEnhnacer
    

SwiftCompile normal x86_64 /Users/vaibhavtiwary/Desktop/VideoEnhnacer/VideoEnhnacer/Protocols/EnhancementServiceProtocol.swift (in target 'VideoEnhnacer' from project 'VideoEnhnacer')
    cd /Users/vaibhavtiwary/Desktop/VideoEnhnacer
    

SwiftDriverJobDiscovery normal x86_64 Compiling PageControlImageCarousel.swift, VideoTrimmingSlider.swift (in target 'VideoEnhnacer' from project 'VideoEnhnacer')

SwiftCompile normal arm64 Compiling\ VideoPropertyListView.swift /Users/vaibhavtiwary/Desktop/VideoEnhnacer/VideoEnhnacer/Views/VideoPropertyListView.swift (in target 'VideoEnhnacer' from project 'VideoEnhnacer')

SwiftCompile normal arm64 /Users/vaibhavtiwary/Desktop/VideoEnhnacer/VideoEnhnacer/Views/VideoPropertyListView.swift (in target 'VideoEnhnacer' from project 'VideoEnhnacer')
    cd /Users/vaibhavtiwary/Desktop/VideoEnhnacer
    

SwiftDriverJobDiscovery normal x86_64 Compiling VideoProcessingProtocol.swift (in target 'VideoEnhnacer' from project 'VideoEnhnacer')

SwiftCompile normal x86_64 Compiling\ PermissionManager.swift /Users/vaibhavtiwary/Desktop/VideoEnhnacer/VideoEnhnacer/Managers/PermissionManager.swift (in target 'VideoEnhnacer' from project 'VideoEnhnacer')

SwiftCompile normal x86_64 /Users/vaibhavtiwary/Desktop/VideoEnhnacer/VideoEnhnacer/Managers/PermissionManager.swift (in target 'VideoEnhnacer' from project 'VideoEnhnacer')
    cd /Users/vaibhavtiwary/Desktop/VideoEnhnacer
    

SwiftDriverJobDiscovery normal arm64 Compiling ContentView.swift (in target 'VideoEnhnacer' from project 'VideoEnhnacer')

SwiftCompile normal x86_64 Compiling\ VideoPlayerManager.swift /Users/vaibhavtiwary/Desktop/VideoEnhnacer/VideoEnhnacer/Managers/VideoPlayerManager.swift (in target 'VideoEnhnacer' from project 'VideoEnhnacer')

SwiftCompile normal x86_64 /Users/vaibhavtiwary/Desktop/VideoEnhnacer/VideoEnhnacer/Managers/VideoPlayerManager.swift (in target 'VideoEnhnacer' from project 'VideoEnhnacer')
    cd /Users/vaibhavtiwary/Desktop/VideoEnhnacer
    
/Users/vaibhavtiwary/Desktop/VideoEnhnacer/VideoEnhnacer/Managers/VideoPlayerManager.swift:112:38: warning: capture of 'asset' with non-sendable type 'AVAsset' in a '@Sendable' closure
                        let status = asset.statusOfValue(forKey: "playable", error: &err)
                                     ^
/Applications/Xcode.app/Contents/Developer/Platforms/iPhoneSimulator.platform/Developer/SDKs/iPhoneSimulator18.5.sdk/System/Library/Frameworks/AVFoundation.framework/Headers/AVAsset.h:62:12: note: class 'AVAsset' does not conform to the 'Sendable' protocol
@interface AVAsset : NSObject <NSCopying, AVAsynchronousKeyValueLoading>
           ^
/Users/vaibhavtiwary/Desktop/VideoEnhnacer/VideoEnhnacer/Managers/VideoPlayerManager.swift:2:1: warning: add '@preconcurrency' to suppress 'Sendable'-related warnings from module 'AVFoundation'
import AVFoundation
^
@preconcurrency 
/Users/vaibhavtiwary/Desktop/VideoEnhnacer/VideoEnhnacer/Managers/VideoPlayerManager.swift:155:58: warning: capture of 'asset' with non-sendable type 'AVAsset' in a '@Sendable' closure
                                            let status = asset.statusOfValue(forKey: "playable", error: &error)
                                                         ^
/Applications/Xcode.app/Contents/Developer/Platforms/iPhoneSimulator.platform/Developer/SDKs/iPhoneSimulator18.5.sdk/System/Library/Frameworks/AVFoundation.framework/Headers/AVAsset.h:62:12: note: class 'AVAsset' does not conform to the 'Sendable' protocol
@interface AVAsset : NSObject <NSCopying, AVAsynchronousKeyValueLoading>
           ^
/Users/vaibhavtiwary/Desktop/VideoEnhnacer/VideoEnhnacer/Managers/VideoPlayerManager.swift:242:23: warning: value 'self' was defined but never used; consider replacing with boolean test
            guard let self = self else { return }
                  ~~~~^~~~~~~
                                  != nil

SwiftDriverJobDiscovery normal x86_64 Compiling VideoPlayerService.swift, ImageComparisonSlider.swift (in target 'VideoEnhnacer' from project 'VideoEnhnacer')

SwiftCompile normal x86_64 Compiling\ Logger.swift /Users/vaibhavtiwary/Desktop/VideoEnhnacer/VideoEnhnacer/Utilities/Logger.swift (in target 'VideoEnhnacer' from project 'VideoEnhnacer')

SwiftCompile normal x86_64 /Users/vaibhavtiwary/Desktop/VideoEnhnacer/VideoEnhnacer/Utilities/Logger.swift (in target 'VideoEnhnacer' from project 'VideoEnhnacer')
    cd /Users/vaibhavtiwary/Desktop/VideoEnhnacer
    

SwiftDriverJobDiscovery normal x86_64 Compiling FavoritesView.swift, ContentShree2.swift, FrameInterpolationService.swift (in target 'VideoEnhnacer' from project 'VideoEnhnacer')

SwiftCompile normal arm64 Compiling\ VideoComparisonSlider.swift /Users/vaibhavtiwary/Desktop/VideoEnhnacer/VideoEnhnacer/Components/VideoComparisonSlider.swift (in target 'VideoEnhnacer' from project 'VideoEnhnacer')

SwiftCompile normal arm64 /Users/vaibhavtiwary/Desktop/VideoEnhnacer/VideoEnhnacer/Components/VideoComparisonSlider.swift (in target 'VideoEnhnacer' from project 'VideoEnhnacer')
    cd /Users/vaibhavtiwary/Desktop/VideoEnhnacer
    

SwiftDriverJobDiscovery normal arm64 Compiling ImageComparisonCard.swift (in target 'VideoEnhnacer' from project 'VideoEnhnacer')

SwiftCompile normal x86_64 Compiling\ GeneratedAssetSymbols.swift /Users/vaibhavtiwary/Library/Developer/Xcode/DerivedData/VideoEnhnacer-dqopdjmhhzmcwpbypehgajypqwjs/Build/Intermediates.noindex/VideoEnhnacer.build/Debug-iphonesimulator/VideoEnhnacer.build/DerivedSources/GeneratedAssetSymbols.swift (in target 'VideoEnhnacer' from project 'VideoEnhnacer')

SwiftCompile normal x86_64 /Users/vaibhavtiwary/Library/Developer/Xcode/DerivedData/VideoEnhnacer-dqopdjmhhzmcwpbypehgajypqwjs/Build/Intermediates.noindex/VideoEnhnacer.build/Debug-iphonesimulator/VideoEnhnacer.build/DerivedSources/GeneratedAssetSymbols.swift (in target 'VideoEnhnacer' from project 'VideoEnhnacer')
    cd /Users/vaibhavtiwary/Desktop/VideoEnhnacer
    

SwiftDriverJobDiscovery normal x86_64 Compiling PermissionManager.swift (in target 'VideoEnhnacer' from project 'VideoEnhnacer')

SwiftCompile normal x86_64 Compiling\ VideoPropertyCard.swift,\ HeaderView.swift /Users/vaibhavtiwary/Desktop/VideoEnhnacer/VideoEnhnacer/Components/VideoPropertyCard.swift /Users/vaibhavtiwary/Desktop/VideoEnhnacer/VideoEnhnacer/Views/HeaderView.swift (in target 'VideoEnhnacer' from project 'VideoEnhnacer')

SwiftCompile normal x86_64 /Users/vaibhavtiwary/Desktop/VideoEnhnacer/VideoEnhnacer/Components/VideoPropertyCard.swift (in target 'VideoEnhnacer' from project 'VideoEnhnacer')
    cd /Users/vaibhavtiwary/Desktop/VideoEnhnacer
    

SwiftCompile normal x86_64 /Users/vaibhavtiwary/Desktop/VideoEnhnacer/VideoEnhnacer/Views/HeaderView.swift (in target 'VideoEnhnacer' from project 'VideoEnhnacer')
    cd /Users/vaibhavtiwary/Desktop/VideoEnhnacer
    

SwiftDriverJobDiscovery normal x86_64 Compiling ServerEnhancementService.swift, VideoTrimmingViewModel.swift, MyCreationsView.swift (in target 'VideoEnhnacer' from project 'VideoEnhnacer')

SwiftCompile normal x86_64 Compiling\ VideoProcessingService.swift /Users/vaibhavtiwary/Desktop/VideoEnhnacer/VideoEnhnacer/Services/VideoProcessingService.swift (in target 'VideoEnhnacer' from project 'VideoEnhnacer')

SwiftCompile normal x86_64 /Users/vaibhavtiwary/Desktop/VideoEnhnacer/VideoEnhnacer/Services/VideoProcessingService.swift (in target 'VideoEnhnacer' from project 'VideoEnhnacer')
    cd /Users/vaibhavtiwary/Desktop/VideoEnhnacer
    
/Users/vaibhavtiwary/Desktop/VideoEnhnacer/VideoEnhnacer/Services/VideoProcessingService.swift:24:34: warning: capture of 'asset' with non-sendable type 'AVAsset' in a '@Sendable' closure
                    let status = asset.statusOfValue(forKey: key, error: &error)
                                 ^
/Applications/Xcode.app/Contents/Developer/Platforms/iPhoneSimulator.platform/Developer/SDKs/iPhoneSimulator18.5.sdk/System/Library/Frameworks/AVFoundation.framework/Headers/AVAsset.h:62:12: note: class 'AVAsset' does not conform to the 'Sendable' protocol
@interface AVAsset : NSObject <NSCopying, AVAsynchronousKeyValueLoading>
           ^
/Users/vaibhavtiwary/Desktop/VideoEnhnacer/VideoEnhnacer/Services/VideoProcessingService.swift:2:1: warning: add '@preconcurrency' to suppress 'Sendable'-related warnings from module 'AVFoundation'
import AVFoundation
^
@preconcurrency 
/Users/vaibhavtiwary/Desktop/VideoEnhnacer/VideoEnhnacer/Services/VideoProcessingService.swift:29:45: warning: capture of 'self' with non-sendable type 'VideoProcessingService' in a '@Sendable' closure
                            let value = try self.extractPropertyValue(from: asset, key: key) as! T
                                            ^
/Users/vaibhavtiwary/Desktop/VideoEnhnacer/VideoEnhnacer/Services/VideoProcessingService.swift:8:13: note: class 'VideoProcessingService' does not conform to the 'Sendable' protocol
final class VideoProcessingService: VideoProcessingProtocol {
            ^
/Users/vaibhavtiwary/Desktop/VideoEnhnacer/VideoEnhnacer/Services/VideoProcessingService.swift:51:34: warning: capture of 'track' with non-sendable type 'AVAssetTrack' in a '@Sendable' closure
                    let status = track.statusOfValue(forKey: key, error: &error)
                                 ^
/Applications/Xcode.app/Contents/Developer/Platforms/iPhoneSimulator.platform/Developer/SDKs/iPhoneSimulator18.5.sdk/System/Library/Frameworks/AVFoundation.framework/Headers/AVAssetTrack.h:35:12: note: class 'AVAssetTrack' does not conform to the 'Sendable' protocol
@interface AVAssetTrack : NSObject <NSCopying, AVAsynchronousKeyValueLoading>
           ^
/Users/vaibhavtiwary/Desktop/VideoEnhnacer/VideoEnhnacer/Services/VideoProcessingService.swift:56:45: warning: capture of 'self' with non-sendable type 'VideoProcessingService' in a '@Sendable' closure
                            let value = try self.extractTrackPropertyValue(from: track, key: key) as! T
                                            ^
/Users/vaibhavtiwary/Desktop/VideoEnhnacer/VideoEnhnacer/Services/VideoProcessingService.swift:8:13: note: class 'VideoProcessingService' does not conform to the 'Sendable' protocol
final class VideoProcessingService: VideoProcessingProtocol {
            ^
/Users/vaibhavtiwary/Desktop/VideoEnhnacer/VideoEnhnacer/Services/VideoProcessingService.swift:133:54: warning: capture of 'self' with non-sendable type 'VideoProcessingService' in a '@Sendable' closure
                            let duration = try await self.loadAssetProperty(asset, property: .duration)
                                                     ^
/Users/vaibhavtiwary/Desktop/VideoEnhnacer/VideoEnhnacer/Services/VideoProcessingService.swift:8:13: note: class 'VideoProcessingService' does not conform to the 'Sendable' protocol
final class VideoProcessingService: VideoProcessingProtocol {
            ^
/Users/vaibhavtiwary/Desktop/VideoEnhnacer/VideoEnhnacer/Services/VideoProcessingService.swift:170:19: warning: 'catch' block is unreachable because no errors are thrown in 'do' block
                } catch {
                  ^
/Users/vaibhavtiwary/Desktop/VideoEnhnacer/VideoEnhnacer/Services/VideoProcessingService.swift:182:27: warning: capture of 'self' with non-sendable type 'VideoProcessingService' in a '@Sendable' closure
                    guard self.fileManager.fileExists(atPath: url.path) else {
                          ^
/Users/vaibhavtiwary/Desktop/VideoEnhnacer/VideoEnhnacer/Services/VideoProcessingService.swift:8:13: note: class 'VideoProcessingService' does not conform to the 'Sendable' protocol
final class VideoProcessingService: VideoProcessingProtocol {
            ^
/Users/vaibhavtiwary/Desktop/VideoEnhnacer/VideoEnhnacer/Services/VideoProcessingService.swift:200:19: warning: 'catch' block is unreachable because no errors are thrown in 'do' block
                } catch {
                  ^
/Users/vaibhavtiwary/Desktop/VideoEnhnacer/VideoEnhnacer/Services/VideoProcessingService.swift:229:37: warning: capture of 'self' with non-sendable type 'VideoProcessingService' in a '@Sendable' closure
                    let outputURL = self.generateOutputURL(for: url, suffix: "_trimmed")
                                    ^
/Users/vaibhavtiwary/Desktop/VideoEnhnacer/VideoEnhnacer/Services/VideoProcessingService.swift:8:13: note: class 'VideoProcessingService' does not conform to the 'Sendable' protocol
final class VideoProcessingService: VideoProcessingProtocol {
            ^
/Users/vaibhavtiwary/Desktop/VideoEnhnacer/VideoEnhnacer/Services/VideoProcessingService.swift:246:19: warning: 'catch' block is unreachable because no errors are thrown in 'do' block
                } catch {
                  ^
/Users/vaibhavtiwary/Desktop/VideoEnhnacer/VideoEnhnacer/Services/VideoProcessingService.swift:264:54: warning: capture of 'self' with non-sendable type 'VideoProcessingService' in a '@Sendable' closure
                            let duration = try await self.loadAssetProperty(asset, property: .duration)
                                                     ^
/Users/vaibhavtiwary/Desktop/VideoEnhnacer/VideoEnhnacer/Services/VideoProcessingService.swift:8:13: note: class 'VideoProcessingService' does not conform to the 'Sendable' protocol
final class VideoProcessingService: VideoProcessingProtocol {
            ^
/Users/vaibhavtiwary/Desktop/VideoEnhnacer/VideoEnhnacer/Services/VideoProcessingService.swift:294:19: warning: 'catch' block is unreachable because no errors are thrown in 'do' block
                } catch {
                  ^
/Users/vaibhavtiwary/Desktop/VideoEnhnacer/VideoEnhnacer/Services/VideoProcessingService.swift:319:19: warning: 'catch' block is unreachable because no errors are thrown in 'do' block
                } catch {
                  ^
/Users/vaibhavtiwary/Desktop/VideoEnhnacer/VideoEnhnacer/Services/VideoProcessingService.swift:337:37: warning: capture of 'self' with non-sendable type 'VideoProcessingService' in a '@Sendable' closure
                    let outputURL = self.generateOutputURL(for: url, suffix: "_compressed")
                                    ^
/Users/vaibhavtiwary/Desktop/VideoEnhnacer/VideoEnhnacer/Services/VideoProcessingService.swift:8:13: note: class 'VideoProcessingService' does not conform to the 'Sendable' protocol
final class VideoProcessingService: VideoProcessingProtocol {
            ^
/Users/vaibhavtiwary/Desktop/VideoEnhnacer/VideoEnhnacer/Services/VideoProcessingService.swift:366:19: warning: 'catch' block is unreachable because no errors are thrown in 'do' block
                } catch {
                  ^
/Users/vaibhavtiwary/Desktop/VideoEnhnacer/VideoEnhnacer/Services/VideoProcessingService.swift:384:37: warning: capture of 'self' with non-sendable type 'VideoProcessingService' in a '@Sendable' closure
                    let outputURL = self.generateOutputURL(for: url, suffix: "_converted", extension: format.fileExtension)
                                    ^
/Users/vaibhavtiwary/Desktop/VideoEnhnacer/VideoEnhnacer/Services/VideoProcessingService.swift:8:13: note: class 'VideoProcessingService' does not conform to the 'Sendable' protocol
final class VideoProcessingService: VideoProcessingProtocol {
            ^
/Users/vaibhavtiwary/Desktop/VideoEnhnacer/VideoEnhnacer/Services/VideoProcessingService.swift:401:19: warning: 'catch' block is unreachable because no errors are thrown in 'do' block
                } catch {
                  ^

SwiftDriverJobDiscovery normal x86_64 Compiling DeepLinkHandler.swift, RefactoredVideoTrimmingView.swift, VideoResultsView.swift (in target 'VideoEnhnacer' from project 'VideoEnhnacer')

SwiftCompile normal x86_64 Compiling\ PropertySlider.swift,\ AppCoordinator.swift,\ SidebarView.swift /Users/vaibhavtiwary/Desktop/VideoEnhnacer/VideoEnhnacer/Components/PropertySlider.swift /Users/vaibhavtiwary/Desktop/VideoEnhnacer/VideoEnhnacer/Coordinators/AppCoordinator.swift /Users/vaibhavtiwary/Desktop/VideoEnhnacer/VideoEnhnacer/Views/SidebarView.swift (in target 'VideoEnhnacer' from project 'VideoEnhnacer')
SwiftCompile normal x86_64 /Users/vaibhavtiwary/Desktop/VideoEnhnacer/VideoEnhnacer/Components/PropertySlider.swift (in target 'VideoEnhnacer' from project 'VideoEnhnacer')
    cd /Users/vaibhavtiwary/Desktop/VideoEnhnacer
    

SwiftCompile normal x86_64 /Users/vaibhavtiwary/Desktop/VideoEnhnacer/VideoEnhnacer/Coordinators/AppCoordinator.swift (in target 'VideoEnhnacer' from project 'VideoEnhnacer')
    cd /Users/vaibhavtiwary/Desktop/VideoEnhnacer
    

SwiftCompile normal x86_64 /Users/vaibhavtiwary/Desktop/VideoEnhnacer/VideoEnhnacer/Views/SidebarView.swift (in target 'VideoEnhnacer' from project 'VideoEnhnacer')
    cd /Users/vaibhavtiwary/Desktop/VideoEnhnacer
    

SwiftDriverJobDiscovery normal x86_64 Compiling GeneratedAssetSymbols.swift (in target 'VideoEnhnacer' from project 'VideoEnhnacer')

SwiftCompile normal arm64 Compiling\ SettingsView.swift /Users/vaibhavtiwary/Desktop/VideoEnhnacer/VideoEnhnacer/Views/SettingsView.swift (in target 'VideoEnhnacer' from project 'VideoEnhnacer')

SwiftCompile normal arm64 /Users/vaibhavtiwary/Desktop/VideoEnhnacer/VideoEnhnacer/Views/SettingsView.swift (in target 'VideoEnhnacer' from project 'VideoEnhnacer')
    cd /Users/vaibhavtiwary/Desktop/VideoEnhnacer
    

SwiftDriverJobDiscovery normal x86_64 Compiling Logger.swift (in target 'VideoEnhnacer' from project 'VideoEnhnacer')

SwiftCompile normal x86_64 Compiling\ ContentView2.swift,\ VideoTrimmingView.swift,\ PryntTrimmerRepresentable.swift /Users/vaibhavtiwary/Desktop/VideoEnhnacer/VideoEnhnacer/Views/ContentView2.swift /Users/vaibhavtiwary/Desktop/VideoEnhnacer/VideoEnhnacer/Views/VideoTrimmingView.swift /Users/vaibhavtiwary/Desktop/VideoEnhnacer/VideoEnhnacer/Components/PryntTrimmerRepresentable.swift (in target 'VideoEnhnacer' from project 'VideoEnhnacer')
SwiftCompile normal x86_64 /Users/vaibhavtiwary/Desktop/VideoEnhnacer/VideoEnhnacer/Views/ContentView2.swift (in target 'VideoEnhnacer' from project 'VideoEnhnacer')
    cd /Users/vaibhavtiwary/Desktop/VideoEnhnacer
    
/Users/vaibhavtiwary/Desktop/VideoEnhnacer/VideoEnhnacer/Views/ContentView2.swift:404:9: warning: code after 'return' will never be executed
        PHPhotoLibrary.requestAuthorization { status in
        ^

SwiftCompile normal x86_64 /Users/vaibhavtiwary/Desktop/VideoEnhnacer/VideoEnhnacer/Views/VideoTrimmingView.swift (in target 'VideoEnhnacer' from project 'VideoEnhnacer')
    cd /Users/vaibhavtiwary/Desktop/VideoEnhnacer
    

SwiftCompile normal x86_64 /Users/vaibhavtiwary/Desktop/VideoEnhnacer/VideoEnhnacer/Components/PryntTrimmerRepresentable.swift (in target 'VideoEnhnacer' from project 'VideoEnhnacer')
    cd /Users/vaibhavtiwary/Desktop/VideoEnhnacer
    
/Users/vaibhavtiwary/Desktop/VideoEnhnacer/VideoEnhnacer/Components/PryntTrimmerRepresentable.swift:13:48: warning: treating a forced downcast to 'any TrimmerViewDelegate' as optional will never produce 'nil'
        trimmer.delegate = context.coordinator as! any TrimmerViewDelegate
                                               ^
/Users/vaibhavtiwary/Desktop/VideoEnhnacer/VideoEnhnacer/Components/PryntTrimmerRepresentable.swift:13:50: note: use 'as?' to perform a conditional downcast to 'any TrimmerViewDelegate'
        trimmer.delegate = context.coordinator as! any TrimmerViewDelegate
                                                 ^
                                                 ?
/Users/vaibhavtiwary/Desktop/VideoEnhnacer/VideoEnhnacer/Components/PryntTrimmerRepresentable.swift:13:28: note: add parentheses around the cast to silence this warning
        trimmer.delegate = context.coordinator as! any TrimmerViewDelegate
                           ^
                           (                                              )

SwiftDriverJobDiscovery normal x86_64 Compiling EnhancementOptionSelector.swift, VideoComparisonCard.swift, NavigationCoordinatorProtocol.swift (in target 'VideoEnhnacer' from project 'VideoEnhnacer')

SwiftCompile normal arm64 Compiling\ VideoPlayerView.swift /Users/vaibhavtiwary/Desktop/VideoEnhnacer/VideoEnhnacer/Components/VideoPlayerView.swift (in target 'VideoEnhnacer' from project 'VideoEnhnacer')

SwiftCompile normal arm64 /Users/vaibhavtiwary/Desktop/VideoEnhnacer/VideoEnhnacer/Components/VideoPlayerView.swift (in target 'VideoEnhnacer' from project 'VideoEnhnacer')
    cd /Users/vaibhavtiwary/Desktop/VideoEnhnacer
    

SwiftDriverJobDiscovery normal x86_64 Compiling VideoPlayerManager.swift (in target 'VideoEnhnacer' from project 'VideoEnhnacer')

SwiftCompile normal x86_64 Compiling\ FavoritesManager.swift /Users/vaibhavtiwary/Desktop/VideoEnhnacer/VideoEnhnacer/Managers/FavoritesManager.swift (in target 'VideoEnhnacer' from project 'VideoEnhnacer')

SwiftCompile normal x86_64 /Users/vaibhavtiwary/Desktop/VideoEnhnacer/VideoEnhnacer/Managers/FavoritesManager.swift (in target 'VideoEnhnacer' from project 'VideoEnhnacer')
    cd /Users/vaibhavtiwary/Desktop/VideoEnhnacer
    

SwiftDriverJobDiscovery normal arm64 Compiling VideoPropertyListView.swift (in target 'VideoEnhnacer' from project 'VideoEnhnacer')

SwiftDriverJobDiscovery normal x86_64 Compiling SpatialVideoPreview.swift, DIContainer.swift, EnhancementServiceProtocol.swift (in target 'VideoEnhnacer' from project 'VideoEnhnacer')

SwiftDriverJobDiscovery normal x86_64 Compiling VideoProcessingService.swift (in target 'VideoEnhnacer' from project 'VideoEnhnacer')

SwiftDriverJobDiscovery normal arm64 Compiling VideoComparisonSlider.swift (in target 'VideoEnhnacer' from project 'VideoEnhnacer')

SwiftCompile normal arm64 Compiling\ NeomorphicButton.swift,\ MyCreationsView.swift,\ FavoritesView.swift /Users/vaibhavtiwary/Desktop/VideoEnhnacer/VideoEnhnacer/Components/NeomorphicButton.swift /Users/vaibhavtiwary/Desktop/VideoEnhnacer/VideoEnhnacer/Views/MyCreationsView.swift /Users/vaibhavtiwary/Desktop/VideoEnhnacer/VideoEnhnacer/Views/FavoritesView.swift (in target 'VideoEnhnacer' from project 'VideoEnhnacer')

SwiftCompile normal arm64 /Users/vaibhavtiwary/Desktop/VideoEnhnacer/VideoEnhnacer/Components/NeomorphicButton.swift (in target 'VideoEnhnacer' from project 'VideoEnhnacer')
    cd /Users/vaibhavtiwary/Desktop/VideoEnhnacer
    

SwiftCompile normal arm64 /Users/vaibhavtiwary/Desktop/VideoEnhnacer/VideoEnhnacer/Views/MyCreationsView.swift (in target 'VideoEnhnacer' from project 'VideoEnhnacer')
    cd /Users/vaibhavtiwary/Desktop/VideoEnhnacer
    

SwiftCompile normal arm64 /Users/vaibhavtiwary/Desktop/VideoEnhnacer/VideoEnhnacer/Views/FavoritesView.swift (in target 'VideoEnhnacer' from project 'VideoEnhnacer')
    cd /Users/vaibhavtiwary/Desktop/VideoEnhnacer
    

SwiftCompile normal arm64 Compiling\ PageControlImageCarousel.swift,\ VideoTrimmingSlider.swift /Users/vaibhavtiwary/Desktop/VideoEnhnacer/VideoEnhnacer/Components/PageControlImageCarousel.swift /Users/vaibhavtiwary/Desktop/VideoEnhnacer/VideoEnhnacer/Components/VideoTrimmingSlider.swift (in target 'VideoEnhnacer' from project 'VideoEnhnacer')

SwiftCompile normal arm64 /Users/vaibhavtiwary/Desktop/VideoEnhnacer/VideoEnhnacer/Components/PageControlImageCarousel.swift (in target 'VideoEnhnacer' from project 'VideoEnhnacer')
    cd /Users/vaibhavtiwary/Desktop/VideoEnhnacer
    

SwiftCompile normal arm64 /Users/vaibhavtiwary/Desktop/VideoEnhnacer/VideoEnhnacer/Components/VideoTrimmingSlider.swift (in target 'VideoEnhnacer' from project 'VideoEnhnacer')
    cd /Users/vaibhavtiwary/Desktop/VideoEnhnacer
    

SwiftCompile normal arm64 Compiling\ ContentView2.swift,\ VideoTrimmingView.swift,\ VideoPickerView.swift /Users/vaibhavtiwary/Desktop/VideoEnhnacer/VideoEnhnacer/Views/ContentView2.swift /Users/vaibhavtiwary/Desktop/VideoEnhnacer/VideoEnhnacer/Views/VideoTrimmingView.swift /Users/vaibhavtiwary/Desktop/VideoEnhnacer/VideoEnhnacer/Views/VideoPickerView.swift (in target 'VideoEnhnacer' from project 'VideoEnhnacer')
SwiftCompile normal arm64 /Users/vaibhavtiwary/Desktop/VideoEnhnacer/VideoEnhnacer/Views/ContentView2.swift (in target 'VideoEnhnacer' from project 'VideoEnhnacer')
    cd /Users/vaibhavtiwary/Desktop/VideoEnhnacer
    
/Users/vaibhavtiwary/Desktop/VideoEnhnacer/VideoEnhnacer/Views/ContentView2.swift:404:9: warning: code after 'return' will never be executed
        PHPhotoLibrary.requestAuthorization { status in
        ^

SwiftCompile normal arm64 /Users/vaibhavtiwary/Desktop/VideoEnhnacer/VideoEnhnacer/Views/VideoTrimmingView.swift (in target 'VideoEnhnacer' from project 'VideoEnhnacer')
    cd /Users/vaibhavtiwary/Desktop/VideoEnhnacer
    

SwiftCompile normal arm64 /Users/vaibhavtiwary/Desktop/VideoEnhnacer/VideoEnhnacer/Views/VideoPickerView.swift (in target 'VideoEnhnacer' from project 'VideoEnhnacer')
    cd /Users/vaibhavtiwary/Desktop/VideoEnhnacer
    

SwiftCompile normal arm64 Compiling\ EnhancementOptionSelector.swift,\ ContentShree2.swift,\ VideoComparisonCard.swift /Users/vaibhavtiwary/Desktop/VideoEnhnacer/VideoEnhnacer/Components/EnhancementOptionSelector.swift /Users/vaibhavtiwary/Desktop/VideoEnhnacer/VideoEnhnacer/ContentShree2.swift /Users/vaibhavtiwary/Desktop/VideoEnhnacer/VideoEnhnacer/Components/VideoComparisonCard.swift (in target 'VideoEnhnacer' from project 'VideoEnhnacer')

SwiftCompile normal arm64 /Users/vaibhavtiwary/Desktop/VideoEnhnacer/VideoEnhnacer/Components/EnhancementOptionSelector.swift (in target 'VideoEnhnacer' from project 'VideoEnhnacer')
    cd /Users/vaibhavtiwary/Desktop/VideoEnhnacer
    

SwiftCompile normal arm64 /Users/vaibhavtiwary/Desktop/VideoEnhnacer/VideoEnhnacer/ContentShree2.swift (in target 'VideoEnhnacer' from project 'VideoEnhnacer')
    cd /Users/vaibhavtiwary/Desktop/VideoEnhnacer
    
/Users/vaibhavtiwary/Desktop/VideoEnhnacer/VideoEnhnacer/ContentShree2.swift:457:9: warning: code after 'return' will never be executed
        PHPhotoLibrary.requestAuthorization { status in
        ^

SwiftCompile normal arm64 /Users/vaibhavtiwary/Desktop/VideoEnhnacer/VideoEnhnacer/Components/VideoComparisonCard.swift (in target 'VideoEnhnacer' from project 'VideoEnhnacer')
    cd /Users/vaibhavtiwary/Desktop/VideoEnhnacer
    

SwiftDriverJobDiscovery normal x86_64 Compiling FavoritesManager.swift (in target 'VideoEnhnacer' from project 'VideoEnhnacer')

SwiftCompile normal arm64 Compiling\ DeepLinkHandler.swift,\ VideoResultsView.swift,\ PropertySlider.swift /Users/vaibhavtiwary/Desktop/VideoEnhnacer/VideoEnhnacer/Utilities/DeepLinkHandler.swift /Users/vaibhavtiwary/Desktop/VideoEnhnacer/VideoEnhnacer/Views/VideoResultsView.swift /Users/vaibhavtiwary/Desktop/VideoEnhnacer/VideoEnhnacer/Components/PropertySlider.swift (in target 'VideoEnhnacer' from project 'VideoEnhnacer')

SwiftCompile normal arm64 /Users/vaibhavtiwary/Desktop/VideoEnhnacer/VideoEnhnacer/Utilities/DeepLinkHandler.swift (in target 'VideoEnhnacer' from project 'VideoEnhnacer')
    cd /Users/vaibhavtiwary/Desktop/VideoEnhnacer
    

SwiftCompile normal arm64 /Users/vaibhavtiwary/Desktop/VideoEnhnacer/VideoEnhnacer/Views/VideoResultsView.swift (in target 'VideoEnhnacer' from project 'VideoEnhnacer')
    cd /Users/vaibhavtiwary/Desktop/VideoEnhnacer
    

SwiftCompile normal arm64 /Users/vaibhavtiwary/Desktop/VideoEnhnacer/VideoEnhnacer/Components/PropertySlider.swift (in target 'VideoEnhnacer' from project 'VideoEnhnacer')
    cd /Users/vaibhavtiwary/Desktop/VideoEnhnacer
    

SwiftDriverJobDiscovery normal arm64 Compiling SettingsView.swift (in target 'VideoEnhnacer' from project 'VideoEnhnacer')

SwiftCompile normal arm64 Compiling\ CustomTabBar.swift,\ SpatialVideoPreview.swift /Users/vaibhavtiwary/Desktop/VideoEnhnacer/VideoEnhnacer/Components/CustomTabBar.swift /Users/vaibhavtiwary/Desktop/VideoEnhnacer/VideoEnhnacer/Components/SpatialVideoPreview.swift (in target 'VideoEnhnacer' from project 'VideoEnhnacer')

SwiftCompile normal arm64 /Users/vaibhavtiwary/Desktop/VideoEnhnacer/VideoEnhnacer/Components/CustomTabBar.swift (in target 'VideoEnhnacer' from project 'VideoEnhnacer')
    cd /Users/vaibhavtiwary/Desktop/VideoEnhnacer
    

SwiftCompile normal arm64 /Users/vaibhavtiwary/Desktop/VideoEnhnacer/VideoEnhnacer/Components/SpatialVideoPreview.swift (in target 'VideoEnhnacer' from project 'VideoEnhnacer')
    cd /Users/vaibhavtiwary/Desktop/VideoEnhnacer
    

SwiftDriverJobDiscovery normal x86_64 Compiling VideoPropertyCard.swift, HeaderView.swift (in target 'VideoEnhnacer' from project 'VideoEnhnacer')

SwiftCompile normal arm64 Compiling\ HeaderView.swift,\ ExportOptionsView.swift /Users/vaibhavtiwary/Desktop/VideoEnhnacer/VideoEnhnacer/Views/HeaderView.swift /Users/vaibhavtiwary/Desktop/VideoEnhnacer/VideoEnhnacer/Components/ExportOptionsView.swift (in target 'VideoEnhnacer' from project 'VideoEnhnacer')

SwiftCompile normal arm64 /Users/vaibhavtiwary/Desktop/VideoEnhnacer/VideoEnhnacer/Views/HeaderView.swift (in target 'VideoEnhnacer' from project 'VideoEnhnacer')
    cd /Users/vaibhavtiwary/Desktop/VideoEnhnacer
    

SwiftCompile normal arm64 /Users/vaibhavtiwary/Desktop/VideoEnhnacer/VideoEnhnacer/Components/ExportOptionsView.swift (in target 'VideoEnhnacer' from project 'VideoEnhnacer')
    cd /Users/vaibhavtiwary/Desktop/VideoEnhnacer
    

SwiftDriverJobDiscovery normal arm64 Compiling VideoPlayerView.swift (in target 'VideoEnhnacer' from project 'VideoEnhnacer')

SwiftCompile normal arm64 Compiling\ FloatingActionButton.swift,\ VideoInfoCard.swift,\ EnhancementSelectionView.swift /Users/vaibhavtiwary/Desktop/VideoEnhnacer/VideoEnhnacer/Components/FloatingActionButton.swift /Users/vaibhavtiwary/Desktop/VideoEnhnacer/VideoEnhnacer/Components/VideoInfoCard.swift /Users/vaibhavtiwary/Desktop/VideoEnhnacer/VideoEnhnacer/Views/EnhancementSelectionView.swift (in target 'VideoEnhnacer' from project 'VideoEnhnacer')

SwiftCompile normal arm64 /Users/vaibhavtiwary/Desktop/VideoEnhnacer/VideoEnhnacer/Components/FloatingActionButton.swift (in target 'VideoEnhnacer' from project 'VideoEnhnacer')
    cd /Users/vaibhavtiwary/Desktop/VideoEnhnacer
    

SwiftCompile normal arm64 /Users/vaibhavtiwary/Desktop/VideoEnhnacer/VideoEnhnacer/Components/VideoInfoCard.swift (in target 'VideoEnhnacer' from project 'VideoEnhnacer')
    cd /Users/vaibhavtiwary/Desktop/VideoEnhnacer
    

SwiftCompile normal arm64 /Users/vaibhavtiwary/Desktop/VideoEnhnacer/VideoEnhnacer/Views/EnhancementSelectionView.swift (in target 'VideoEnhnacer' from project 'VideoEnhnacer')
    cd /Users/vaibhavtiwary/Desktop/VideoEnhnacer
    

SwiftDriverJobDiscovery normal x86_64 Compiling RefactoredEnhancementSelectionView.swift, VideoPickerView.swift, NeomorphicButton.swift (in target 'VideoEnhnacer' from project 'VideoEnhnacer')

SwiftCompile normal arm64 Compiling\ SidebarView.swift,\ NativeVideoTrimmerView.swift,\ HomeView.swift /Users/vaibhavtiwary/Desktop/VideoEnhnacer/VideoEnhnacer/Views/SidebarView.swift /Users/vaibhavtiwary/Desktop/VideoEnhnacer/VideoEnhnacer/Components/NativeVideoTrimmerView.swift /Users/vaibhavtiwary/Desktop/VideoEnhnacer/VideoEnhnacer/Views/HomeView.swift (in target 'VideoEnhnacer' from project 'VideoEnhnacer')

SwiftCompile normal arm64 /Users/vaibhavtiwary/Desktop/VideoEnhnacer/VideoEnhnacer/Views/SidebarView.swift (in target 'VideoEnhnacer' from project 'VideoEnhnacer')
    cd /Users/vaibhavtiwary/Desktop/VideoEnhnacer
    

SwiftCompile normal arm64 /Users/vaibhavtiwary/Desktop/VideoEnhnacer/VideoEnhnacer/Components/NativeVideoTrimmerView.swift (in target 'VideoEnhnacer' from project 'VideoEnhnacer')
    cd /Users/vaibhavtiwary/Desktop/VideoEnhnacer
    

SwiftCompile normal arm64 /Users/vaibhavtiwary/Desktop/VideoEnhnacer/VideoEnhnacer/Views/HomeView.swift (in target 'VideoEnhnacer' from project 'VideoEnhnacer')
    cd /Users/vaibhavtiwary/Desktop/VideoEnhnacer
    

SwiftDriverJobDiscovery normal x86_64 Compiling PropertySlider.swift, AppCoordinator.swift, SidebarView.swift (in target 'VideoEnhnacer' from project 'VideoEnhnacer')

SwiftCompile normal arm64 Compiling\ ImageComparisonSlider.swift,\ VideoPropertyCard.swift /Users/vaibhavtiwary/Desktop/VideoEnhnacer/VideoEnhnacer/Components/ImageComparisonSlider.swift /Users/vaibhavtiwary/Desktop/VideoEnhnacer/VideoEnhnacer/Components/VideoPropertyCard.swift (in target 'VideoEnhnacer' from project 'VideoEnhnacer')

SwiftCompile normal arm64 /Users/vaibhavtiwary/Desktop/VideoEnhnacer/VideoEnhnacer/Components/ImageComparisonSlider.swift (in target 'VideoEnhnacer' from project 'VideoEnhnacer')
    cd /Users/vaibhavtiwary/Desktop/VideoEnhnacer
    

SwiftCompile normal arm64 /Users/vaibhavtiwary/Desktop/VideoEnhnacer/VideoEnhnacer/Components/VideoPropertyCard.swift (in target 'VideoEnhnacer' from project 'VideoEnhnacer')
    cd /Users/vaibhavtiwary/Desktop/VideoEnhnacer
    

SwiftDriverJobDiscovery normal arm64 Compiling CustomTabBar.swift, SpatialVideoPreview.swift (in target 'VideoEnhnacer' from project 'VideoEnhnacer')

SwiftDriverJobDiscovery normal arm64 Compiling PageControlImageCarousel.swift, VideoTrimmingSlider.swift (in target 'VideoEnhnacer' from project 'VideoEnhnacer')

SwiftDriverJobDiscovery normal arm64 Compiling SidebarView.swift, NativeVideoTrimmerView.swift, HomeView.swift (in target 'VideoEnhnacer' from project 'VideoEnhnacer')

SwiftDriverJobDiscovery normal arm64 Compiling DeepLinkHandler.swift, VideoResultsView.swift, PropertySlider.swift (in target 'VideoEnhnacer' from project 'VideoEnhnacer')

SwiftDriverJobDiscovery normal arm64 Compiling HeaderView.swift, ExportOptionsView.swift (in target 'VideoEnhnacer' from project 'VideoEnhnacer')

SwiftDriverJobDiscovery normal arm64 Compiling EnhancementOptionSelector.swift, ContentShree2.swift, VideoComparisonCard.swift (in target 'VideoEnhnacer' from project 'VideoEnhnacer')

SwiftDriverJobDiscovery normal arm64 Compiling NeomorphicButton.swift, MyCreationsView.swift, FavoritesView.swift (in target 'VideoEnhnacer' from project 'VideoEnhnacer')

SwiftDriverJobDiscovery normal x86_64 Compiling ContentView2.swift, VideoTrimmingView.swift, PryntTrimmerRepresentable.swift (in target 'VideoEnhnacer' from project 'VideoEnhnacer')

SwiftDriver\ Compilation VideoEnhnacer normal x86_64 com.apple.xcode.tools.swift.compiler (in target 'VideoEnhnacer' from project 'VideoEnhnacer')
    cd /Users/vaibhavtiwary/Desktop/VideoEnhnacer
    builtin-Swift-Compilation -- /Applications/Xcode.app/Contents/Developer/Toolchains/XcodeDefault.xctoolchain/usr/bin/swiftc -module-name VideoEnhnacer -Onone -enforce-exclusivity\=checked @/Users/vaibhavtiwary/Library/Developer/Xcode/DerivedData/VideoEnhnacer-dqopdjmhhzmcwpbypehgajypqwjs/Build/Intermediates.noindex/VideoEnhnacer.build/Debug-iphonesimulator/VideoEnhnacer.build/Objects-normal/x86_64/VideoEnhnacer.SwiftFileList -DDEBUG -enable-bare-slash-regex -enable-experimental-feature DebugDescriptionMacro -sdk /Applications/Xcode.app/Contents/Developer/Platforms/iPhoneSimulator.platform/Developer/SDKs/iPhoneSimulator18.5.sdk -target x86_64-apple-ios15.6-simulator -g -module-cache-path /Users/vaibhavtiwary/Library/Developer/Xcode/DerivedData/ModuleCache.noindex -Xfrontend -serialize-debugging-options -enable-testing -index-store-path /Users/vaibhavtiwary/Library/Developer/Xcode/DerivedData/VideoEnhnacer-dqopdjmhhzmcwpbypehgajypqwjs/Index.noindex/DataStore -swift-version 5 -I /Users/vaibhavtiwary/Library/Developer/Xcode/DerivedData/VideoEnhnacer-dqopdjmhhzmcwpbypehgajypqwjs/Build/Products/Debug-iphonesimulator -F /Users/vaibhavtiwary/Library/Developer/Xcode/DerivedData/VideoEnhnacer-dqopdjmhhzmcwpbypehgajypqwjs/Build/Products/Debug-iphonesimulator/PackageFrameworks -F /Users/vaibhavtiwary/Library/Developer/Xcode/DerivedData/VideoEnhnacer-dqopdjmhhzmcwpbypehgajypqwjs/Build/Products/Debug-iphonesimulator -emit-localized-strings -emit-localized-strings-path /Users/vaibhavtiwary/Library/Developer/Xcode/DerivedData/VideoEnhnacer-dqopdjmhhzmcwpbypehgajypqwjs/Build/Intermediates.noindex/VideoEnhnacer.build/Debug-iphonesimulator/VideoEnhnacer.build/Objects-normal/x86_64 -c -j10 -enable-batch-mode -incremental -Xcc -ivfsstatcache -Xcc /Users/vaibhavtiwary/Library/Developer/Xcode/DerivedData/SDKStatCaches.noindex/iphonesimulator18.5-22F76-d5fc8ad4295d2ef488fb7d0f804ce0c4.sdkstatcache -output-file-map /Users/vaibhavtiwary/Library/Developer/Xcode/DerivedData/VideoEnhnacer-dqopdjmhhzmcwpbypehgajypqwjs/Build/Intermediates.noindex/VideoEnhnacer.build/Debug-iphonesimulator/VideoEnhnacer.build/Objects-normal/x86_64/VideoEnhnacer-OutputFileMap.json -use-frontend-parseable-output -save-temps -no-color-diagnostics -serialize-diagnostics -emit-dependencies -emit-module -emit-module-path /Users/vaibhavtiwary/Library/Developer/Xcode/DerivedData/VideoEnhnacer-dqopdjmhhzmcwpbypehgajypqwjs/Build/Intermediates.noindex/VideoEnhnacer.build/Debug-iphonesimulator/VideoEnhnacer.build/Objects-normal/x86_64/VideoEnhnacer.swiftmodule -validate-clang-modules-once -clang-build-session-file /Users/vaibhavtiwary/Library/Developer/Xcode/DerivedData/ModuleCache.noindex/Session.modulevalidation -Xcc -I/Users/vaibhavtiwary/Library/Developer/Xcode/DerivedData/VideoEnhnacer-dqopdjmhhzmcwpbypehgajypqwjs/Build/Intermediates.noindex/VideoEnhnacer.build/Debug-iphonesimulator/VideoEnhnacer.build/swift-overrides.hmap -emit-const-values -Xfrontend -const-gather-protocols-file -Xfrontend /Users/vaibhavtiwary/Library/Developer/Xcode/DerivedData/VideoEnhnacer-dqopdjmhhzmcwpbypehgajypqwjs/Build/Intermediates.noindex/VideoEnhnacer.build/Debug-iphonesimulator/VideoEnhnacer.build/Objects-normal/x86_64/VideoEnhnacer_const_extract_protocols.json -Xcc -iquote -Xcc /Users/vaibhavtiwary/Library/Developer/Xcode/DerivedData/VideoEnhnacer-dqopdjmhhzmcwpbypehgajypqwjs/Build/Intermediates.noindex/VideoEnhnacer.build/Debug-iphonesimulator/VideoEnhnacer.build/VideoEnhnacer-generated-files.hmap -Xcc -I/Users/vaibhavtiwary/Library/Developer/Xcode/DerivedData/VideoEnhnacer-dqopdjmhhzmcwpbypehgajypqwjs/Build/Intermediates.noindex/VideoEnhnacer.build/Debug-iphonesimulator/VideoEnhnacer.build/VideoEnhnacer-own-target-headers.hmap -Xcc -I/Users/vaibhavtiwary/Library/Developer/Xcode/DerivedData/VideoEnhnacer-dqopdjmhhzmcwpbypehgajypqwjs/Build/Intermediates.noindex/VideoEnhnacer.build/Debug-iphonesimulator/VideoEnhnacer.build/VideoEnhnacer-all-non-framework-target-headers.hmap -Xcc -ivfsoverlay -Xcc /Users/vaibhavtiwary/Library/Developer/Xcode/DerivedData/VideoEnhnacer-dqopdjmhhzmcwpbypehgajypqwjs/Build/Intermediates.noindex/VideoEnhnacer.build/Debug-iphonesimulator/VideoEnhnacer-0bd6c0aff6428f03145378ef92fdfbee-VFS-iphonesimulator/all-product-headers.yaml -Xcc -iquote -Xcc /Users/vaibhavtiwary/Library/Developer/Xcode/DerivedData/VideoEnhnacer-dqopdjmhhzmcwpbypehgajypqwjs/Build/Intermediates.noindex/VideoEnhnacer.build/Debug-iphonesimulator/VideoEnhnacer.build/VideoEnhnacer-project-headers.hmap -Xcc -I/Users/vaibhavtiwary/Library/Developer/Xcode/DerivedData/VideoEnhnacer-dqopdjmhhzmcwpbypehgajypqwjs/Build/Products/Debug-iphonesimulator/include -Xcc -I/Users/vaibhavtiwary/Library/Developer/Xcode/DerivedData/VideoEnhnacer-dqopdjmhhzmcwpbypehgajypqwjs/Build/Intermediates.noindex/VideoEnhnacer.build/Debug-iphonesimulator/VideoEnhnacer.build/DerivedSources-normal/x86_64 -Xcc -I/Users/vaibhavtiwary/Library/Developer/Xcode/DerivedData/VideoEnhnacer-dqopdjmhhzmcwpbypehgajypqwjs/Build/Intermediates.noindex/VideoEnhnacer.build/Debug-iphonesimulator/VideoEnhnacer.build/DerivedSources/x86_64 -Xcc -I/Users/vaibhavtiwary/Library/Developer/Xcode/DerivedData/VideoEnhnacer-dqopdjmhhzmcwpbypehgajypqwjs/Build/Intermediates.noindex/VideoEnhnacer.build/Debug-iphonesimulator/VideoEnhnacer.build/DerivedSources -Xcc -DDEBUG\=1 -emit-objc-header -emit-objc-header-path /Users/vaibhavtiwary/Library/Developer/Xcode/DerivedData/VideoEnhnacer-dqopdjmhhzmcwpbypehgajypqwjs/Build/Intermediates.noindex/VideoEnhnacer.build/Debug-iphonesimulator/VideoEnhnacer.build/Objects-normal/x86_64/VideoEnhnacer-Swift.h -working-directory /Users/vaibhavtiwary/Desktop/VideoEnhnacer -experimental-emit-module-separately -disable-cmo

SwiftDriverJobDiscovery normal arm64 Compiling ImageComparisonSlider.swift, VideoPropertyCard.swift (in target 'VideoEnhnacer' from project 'VideoEnhnacer')

SwiftDriverJobDiscovery normal arm64 Compiling FloatingActionButton.swift, VideoInfoCard.swift, EnhancementSelectionView.swift (in target 'VideoEnhnacer' from project 'VideoEnhnacer')

Ld /Users/vaibhavtiwary/Library/Developer/Xcode/DerivedData/VideoEnhnacer-dqopdjmhhzmcwpbypehgajypqwjs/Build/Intermediates.noindex/VideoEnhnacer.build/Debug-iphonesimulator/VideoEnhnacer.build/Objects-normal/x86_64/Binary/VideoEnhnacer.debug.dylib normal x86_64 (in target 'VideoEnhnacer' from project 'VideoEnhnacer')
    cd /Users/vaibhavtiwary/Desktop/VideoEnhnacer
    /Applications/Xcode.app/Contents/Developer/Toolchains/XcodeDefault.xctoolchain/usr/bin/clang -Xlinker -reproducible -target x86_64-apple-ios15.6-simulator -dynamiclib -isysroot /Applications/Xcode.app/Contents/Developer/Platforms/iPhoneSimulator.platform/Developer/SDKs/iPhoneSimulator18.5.sdk -O0 -L/Users/vaibhavtiwary/Library/Developer/Xcode/DerivedData/VideoEnhnacer-dqopdjmhhzmcwpbypehgajypqwjs/Build/Intermediates.noindex/EagerLinkingTBDs/Debug-iphonesimulator -L/Users/vaibhavtiwary/Library/Developer/Xcode/DerivedData/VideoEnhnacer-dqopdjmhhzmcwpbypehgajypqwjs/Build/Products/Debug-iphonesimulator -F/Users/vaibhavtiwary/Library/Developer/Xcode/DerivedData/VideoEnhnacer-dqopdjmhhzmcwpbypehgajypqwjs/Build/Intermediates.noindex/EagerLinkingTBDs/Debug-iphonesimulator -F/Users/vaibhavtiwary/Library/Developer/Xcode/DerivedData/VideoEnhnacer-dqopdjmhhzmcwpbypehgajypqwjs/Build/Products/Debug-iphonesimulator/PackageFrameworks -F/Users/vaibhavtiwary/Library/Developer/Xcode/DerivedData/VideoEnhnacer-dqopdjmhhzmcwpbypehgajypqwjs/Build/Products/Debug-iphonesimulator -filelist /Users/vaibhavtiwary/Library/Developer/Xcode/DerivedData/VideoEnhnacer-dqopdjmhhzmcwpbypehgajypqwjs/Build/Intermediates.noindex/VideoEnhnacer.build/Debug-iphonesimulator/VideoEnhnacer.build/Objects-normal/x86_64/VideoEnhnacer.LinkFileList -install_name @rpath/VideoEnhnacer.debug.dylib -Xlinker -rpath -Xlinker /Users/vaibhavtiwary/Library/Developer/Xcode/DerivedData/VideoEnhnacer-dqopdjmhhzmcwpbypehgajypqwjs/Build/Products/Debug-iphonesimulator/PackageFrameworks -Xlinker -rpath -Xlinker @executable_path/Frameworks -dead_strip -Xlinker -object_path_lto -Xlinker /Users/vaibhavtiwary/Library/Developer/Xcode/DerivedData/VideoEnhnacer-dqopdjmhhzmcwpbypehgajypqwjs/Build/Intermediates.noindex/VideoEnhnacer.build/Debug-iphonesimulator/VideoEnhnacer.build/Objects-normal/x86_64/VideoEnhnacer_lto.o -rdynamic -Xlinker -no_deduplicate -Xlinker -objc_abi_version -Xlinker 2 -Xlinker -dependency_info -Xlinker /Users/vaibhavtiwary/Library/Developer/Xcode/DerivedData/VideoEnhnacer-dqopdjmhhzmcwpbypehgajypqwjs/Build/Intermediates.noindex/VideoEnhnacer.build/Debug-iphonesimulator/VideoEnhnacer.build/Objects-normal/x86_64/VideoEnhnacer_dependency_info.dat -fobjc-link-runtime -L/Applications/Xcode.app/Contents/Developer/Toolchains/XcodeDefault.xctoolchain/usr/lib/swift/iphonesimulator -L/usr/lib/swift -Xlinker -add_ast_path -Xlinker /Users/vaibhavtiwary/Library/Developer/Xcode/DerivedData/VideoEnhnacer-dqopdjmhhzmcwpbypehgajypqwjs/Build/Intermediates.noindex/VideoEnhnacer.build/Debug-iphonesimulator/VideoEnhnacer.build/Objects-normal/x86_64/VideoEnhnacer.swiftmodule -Wl,-no_warn_duplicate_libraries -Xlinker -alias -Xlinker _main -Xlinker ___debug_main_executable_dylib_entry_point -Xlinker -no_adhoc_codesign -o /Users/vaibhavtiwary/Library/Developer/Xcode/DerivedData/VideoEnhnacer-dqopdjmhhzmcwpbypehgajypqwjs/Build/Intermediates.noindex/VideoEnhnacer.build/Debug-iphonesimulator/VideoEnhnacer.build/Objects-normal/x86_64/Binary/VideoEnhnacer.debug.dylib -Xlinker -add_ast_path -Xlinker /Users/vaibhavtiwary/Library/Developer/Xcode/DerivedData/VideoEnhnacer-dqopdjmhhzmcwpbypehgajypqwjs/Build/Intermediates.noindex/PryntTrimmerView.build/Debug-iphonesimulator/PryntTrimmerView.build/Objects-normal/x86_64/PryntTrimmerView.swiftmodule

ConstructStubExecutorLinkFileList /Users/vaibhavtiwary/Library/Developer/Xcode/DerivedData/VideoEnhnacer-dqopdjmhhzmcwpbypehgajypqwjs/Build/Intermediates.noindex/VideoEnhnacer.build/Debug-iphonesimulator/VideoEnhnacer.build/VideoEnhnacer-ExecutorLinkFileList-normal-x86_64.txt (in target 'VideoEnhnacer' from project 'VideoEnhnacer')
    cd /Users/vaibhavtiwary/Desktop/VideoEnhnacer
    construct-stub-executor-link-file-list /Users/vaibhavtiwary/Library/Developer/Xcode/DerivedData/VideoEnhnacer-dqopdjmhhzmcwpbypehgajypqwjs/Build/Intermediates.noindex/VideoEnhnacer.build/Debug-iphonesimulator/VideoEnhnacer.build/Objects-normal/x86_64/Binary/VideoEnhnacer.debug.dylib /Applications/Xcode.app/Contents/Developer/Platforms/iPhoneSimulator.platform/Developer/usr/lib/libPreviewsJITStubExecutor_no_swift_entry_point.a /Applications/Xcode.app/Contents/Developer/Platforms/iPhoneSimulator.platform/Developer/usr/lib/libPreviewsJITStubExecutor.a --output /Users/vaibhavtiwary/Library/Developer/Xcode/DerivedData/VideoEnhnacer-dqopdjmhhzmcwpbypehgajypqwjs/Build/Intermediates.noindex/VideoEnhnacer.build/Debug-iphonesimulator/VideoEnhnacer.build/VideoEnhnacer-ExecutorLinkFileList-normal-x86_64.txt
note: Using stub executor library with Swift entry point. (in target 'VideoEnhnacer' from project 'VideoEnhnacer')

Ld /Users/vaibhavtiwary/Library/Developer/Xcode/DerivedData/VideoEnhnacer-dqopdjmhhzmcwpbypehgajypqwjs/Build/Intermediates.noindex/VideoEnhnacer.build/Debug-iphonesimulator/VideoEnhnacer.build/Objects-normal/x86_64/Binary/VideoEnhnacer normal x86_64 (in target 'VideoEnhnacer' from project 'VideoEnhnacer')
    cd /Users/vaibhavtiwary/Desktop/VideoEnhnacer
    /Applications/Xcode.app/Contents/Developer/Toolchains/XcodeDefault.xctoolchain/usr/bin/clang -Xlinker -reproducible -target x86_64-apple-ios15.6-simulator -isysroot /Applications/Xcode.app/Contents/Developer/Platforms/iPhoneSimulator.platform/Developer/SDKs/iPhoneSimulator18.5.sdk -O0 -L/Users/vaibhavtiwary/Library/Developer/Xcode/DerivedData/VideoEnhnacer-dqopdjmhhzmcwpbypehgajypqwjs/Build/Products/Debug-iphonesimulator -F/Users/vaibhavtiwary/Library/Developer/Xcode/DerivedData/VideoEnhnacer-dqopdjmhhzmcwpbypehgajypqwjs/Build/Products/Debug-iphonesimulator/PackageFrameworks -F/Users/vaibhavtiwary/Library/Developer/Xcode/DerivedData/VideoEnhnacer-dqopdjmhhzmcwpbypehgajypqwjs/Build/Products/Debug-iphonesimulator -Xlinker -rpath -Xlinker @executable_path -Xlinker -rpath -Xlinker /Users/vaibhavtiwary/Library/Developer/Xcode/DerivedData/VideoEnhnacer-dqopdjmhhzmcwpbypehgajypqwjs/Build/Products/Debug-iphonesimulator/PackageFrameworks -Xlinker -rpath -Xlinker @executable_path/Frameworks -rdynamic -Xlinker -no_deduplicate -Xlinker -objc_abi_version -Xlinker 2 -e ___debug_blank_executor_main -Xlinker -sectcreate -Xlinker __TEXT -Xlinker __debug_dylib -Xlinker /Users/vaibhavtiwary/Library/Developer/Xcode/DerivedData/VideoEnhnacer-dqopdjmhhzmcwpbypehgajypqwjs/Build/Intermediates.noindex/VideoEnhnacer.build/Debug-iphonesimulator/VideoEnhnacer.build/VideoEnhnacer-DebugDylibPath-normal-x86_64.txt -Xlinker -sectcreate -Xlinker __TEXT -Xlinker __debug_instlnm -Xlinker /Users/vaibhavtiwary/Library/Developer/Xcode/DerivedData/VideoEnhnacer-dqopdjmhhzmcwpbypehgajypqwjs/Build/Intermediates.noindex/VideoEnhnacer.build/Debug-iphonesimulator/VideoEnhnacer.build/VideoEnhnacer-DebugDylibInstallName-normal-x86_64.txt -Xlinker -filelist -Xlinker /Users/vaibhavtiwary/Library/Developer/Xcode/DerivedData/VideoEnhnacer-dqopdjmhhzmcwpbypehgajypqwjs/Build/Intermediates.noindex/VideoEnhnacer.build/Debug-iphonesimulator/VideoEnhnacer.build/VideoEnhnacer-ExecutorLinkFileList-normal-x86_64.txt -Xlinker -sectcreate -Xlinker __TEXT -Xlinker __entitlements -Xlinker /Users/vaibhavtiwary/Library/Developer/Xcode/DerivedData/VideoEnhnacer-dqopdjmhhzmcwpbypehgajypqwjs/Build/Intermediates.noindex/VideoEnhnacer.build/Debug-iphonesimulator/VideoEnhnacer.build/VideoEnhnacer.app-Simulated.xcent -Xlinker -sectcreate -Xlinker __TEXT -Xlinker __ents_der -Xlinker /Users/vaibhavtiwary/Library/Developer/Xcode/DerivedData/VideoEnhnacer-dqopdjmhhzmcwpbypehgajypqwjs/Build/Intermediates.noindex/VideoEnhnacer.build/Debug-iphonesimulator/VideoEnhnacer.build/VideoEnhnacer.app-Simulated.xcent.der /Users/vaibhavtiwary/Library/Developer/Xcode/DerivedData/VideoEnhnacer-dqopdjmhhzmcwpbypehgajypqwjs/Build/Intermediates.noindex/VideoEnhnacer.build/Debug-iphonesimulator/VideoEnhnacer.build/Objects-normal/x86_64/Binary/VideoEnhnacer.debug.dylib -Xlinker -no_adhoc_codesign -o /Users/vaibhavtiwary/Library/Developer/Xcode/DerivedData/VideoEnhnacer-dqopdjmhhzmcwpbypehgajypqwjs/Build/Intermediates.noindex/VideoEnhnacer.build/Debug-iphonesimulator/VideoEnhnacer.build/Objects-normal/x86_64/Binary/VideoEnhnacer

SwiftDriverJobDiscovery normal arm64 Compiling ContentView2.swift, VideoTrimmingView.swift, VideoPickerView.swift (in target 'VideoEnhnacer' from project 'VideoEnhnacer')

SwiftDriver\ Compilation VideoEnhnacer normal arm64 com.apple.xcode.tools.swift.compiler (in target 'VideoEnhnacer' from project 'VideoEnhnacer')
    cd /Users/vaibhavtiwary/Desktop/VideoEnhnacer
    builtin-Swift-Compilation -- /Applications/Xcode.app/Contents/Developer/Toolchains/XcodeDefault.xctoolchain/usr/bin/swiftc -module-name VideoEnhnacer -Onone -enforce-exclusivity\=checked @/Users/vaibhavtiwary/Library/Developer/Xcode/DerivedData/VideoEnhnacer-dqopdjmhhzmcwpbypehgajypqwjs/Build/Intermediates.noindex/VideoEnhnacer.build/Debug-iphonesimulator/VideoEnhnacer.build/Objects-normal/arm64/VideoEnhnacer.SwiftFileList -DDEBUG -enable-bare-slash-regex -enable-experimental-feature DebugDescriptionMacro -sdk /Applications/Xcode.app/Contents/Developer/Platforms/iPhoneSimulator.platform/Developer/SDKs/iPhoneSimulator18.5.sdk -target arm64-apple-ios15.6-simulator -g -module-cache-path /Users/vaibhavtiwary/Library/Developer/Xcode/DerivedData/ModuleCache.noindex -Xfrontend -serialize-debugging-options -enable-testing -index-store-path /Users/vaibhavtiwary/Library/Developer/Xcode/DerivedData/VideoEnhnacer-dqopdjmhhzmcwpbypehgajypqwjs/Index.noindex/DataStore -swift-version 5 -I /Users/vaibhavtiwary/Library/Developer/Xcode/DerivedData/VideoEnhnacer-dqopdjmhhzmcwpbypehgajypqwjs/Build/Products/Debug-iphonesimulator -F /Users/vaibhavtiwary/Library/Developer/Xcode/DerivedData/VideoEnhnacer-dqopdjmhhzmcwpbypehgajypqwjs/Build/Products/Debug-iphonesimulator/PackageFrameworks -F /Users/vaibhavtiwary/Library/Developer/Xcode/DerivedData/VideoEnhnacer-dqopdjmhhzmcwpbypehgajypqwjs/Build/Products/Debug-iphonesimulator -emit-localized-strings -emit-localized-strings-path /Users/vaibhavtiwary/Library/Developer/Xcode/DerivedData/VideoEnhnacer-dqopdjmhhzmcwpbypehgajypqwjs/Build/Intermediates.noindex/VideoEnhnacer.build/Debug-iphonesimulator/VideoEnhnacer.build/Objects-normal/arm64 -c -j10 -enable-batch-mode -incremental -Xcc -ivfsstatcache -Xcc /Users/vaibhavtiwary/Library/Developer/Xcode/DerivedData/SDKStatCaches.noindex/iphonesimulator18.5-22F76-d5fc8ad4295d2ef488fb7d0f804ce0c4.sdkstatcache -output-file-map /Users/vaibhavtiwary/Library/Developer/Xcode/DerivedData/VideoEnhnacer-dqopdjmhhzmcwpbypehgajypqwjs/Build/Intermediates.noindex/VideoEnhnacer.build/Debug-iphonesimulator/VideoEnhnacer.build/Objects-normal/arm64/VideoEnhnacer-OutputFileMap.json -use-frontend-parseable-output -save-temps -no-color-diagnostics -serialize-diagnostics -emit-dependencies -emit-module -emit-module-path /Users/vaibhavtiwary/Library/Developer/Xcode/DerivedData/VideoEnhnacer-dqopdjmhhzmcwpbypehgajypqwjs/Build/Intermediates.noindex/VideoEnhnacer.build/Debug-iphonesimulator/VideoEnhnacer.build/Objects-normal/arm64/VideoEnhnacer.swiftmodule -validate-clang-modules-once -clang-build-session-file /Users/vaibhavtiwary/Library/Developer/Xcode/DerivedData/ModuleCache.noindex/Session.modulevalidation -Xcc -I/Users/vaibhavtiwary/Library/Developer/Xcode/DerivedData/VideoEnhnacer-dqopdjmhhzmcwpbypehgajypqwjs/Build/Intermediates.noindex/VideoEnhnacer.build/Debug-iphonesimulator/VideoEnhnacer.build/swift-overrides.hmap -emit-const-values -Xfrontend -const-gather-protocols-file -Xfrontend /Users/vaibhavtiwary/Library/Developer/Xcode/DerivedData/VideoEnhnacer-dqopdjmhhzmcwpbypehgajypqwjs/Build/Intermediates.noindex/VideoEnhnacer.build/Debug-iphonesimulator/VideoEnhnacer.build/Objects-normal/arm64/VideoEnhnacer_const_extract_protocols.json -Xcc -iquote -Xcc /Users/vaibhavtiwary/Library/Developer/Xcode/DerivedData/VideoEnhnacer-dqopdjmhhzmcwpbypehgajypqwjs/Build/Intermediates.noindex/VideoEnhnacer.build/Debug-iphonesimulator/VideoEnhnacer.build/VideoEnhnacer-generated-files.hmap -Xcc -I/Users/vaibhavtiwary/Library/Developer/Xcode/DerivedData/VideoEnhnacer-dqopdjmhhzmcwpbypehgajypqwjs/Build/Intermediates.noindex/VideoEnhnacer.build/Debug-iphonesimulator/VideoEnhnacer.build/VideoEnhnacer-own-target-headers.hmap -Xcc -I/Users/vaibhavtiwary/Library/Developer/Xcode/DerivedData/VideoEnhnacer-dqopdjmhhzmcwpbypehgajypqwjs/Build/Intermediates.noindex/VideoEnhnacer.build/Debug-iphonesimulator/VideoEnhnacer.build/VideoEnhnacer-all-non-framework-target-headers.hmap -Xcc -ivfsoverlay -Xcc /Users/vaibhavtiwary/Library/Developer/Xcode/DerivedData/VideoEnhnacer-dqopdjmhhzmcwpbypehgajypqwjs/Build/Intermediates.noindex/VideoEnhnacer.build/Debug-iphonesimulator/VideoEnhnacer-0bd6c0aff6428f03145378ef92fdfbee-VFS-iphonesimulator/all-product-headers.yaml -Xcc -iquote -Xcc /Users/vaibhavtiwary/Library/Developer/Xcode/DerivedData/VideoEnhnacer-dqopdjmhhzmcwpbypehgajypqwjs/Build/Intermediates.noindex/VideoEnhnacer.build/Debug-iphonesimulator/VideoEnhnacer.build/VideoEnhnacer-project-headers.hmap -Xcc -I/Users/vaibhavtiwary/Library/Developer/Xcode/DerivedData/VideoEnhnacer-dqopdjmhhzmcwpbypehgajypqwjs/Build/Products/Debug-iphonesimulator/include -Xcc -I/Users/vaibhavtiwary/Library/Developer/Xcode/DerivedData/VideoEnhnacer-dqopdjmhhzmcwpbypehgajypqwjs/Build/Intermediates.noindex/VideoEnhnacer.build/Debug-iphonesimulator/VideoEnhnacer.build/DerivedSources-normal/arm64 -Xcc -I/Users/vaibhavtiwary/Library/Developer/Xcode/DerivedData/VideoEnhnacer-dqopdjmhhzmcwpbypehgajypqwjs/Build/Intermediates.noindex/VideoEnhnacer.build/Debug-iphonesimulator/VideoEnhnacer.build/DerivedSources/arm64 -Xcc -I/Users/vaibhavtiwary/Library/Developer/Xcode/DerivedData/VideoEnhnacer-dqopdjmhhzmcwpbypehgajypqwjs/Build/Intermediates.noindex/VideoEnhnacer.build/Debug-iphonesimulator/VideoEnhnacer.build/DerivedSources -Xcc -DDEBUG\=1 -emit-objc-header -emit-objc-header-path /Users/vaibhavtiwary/Library/Developer/Xcode/DerivedData/VideoEnhnacer-dqopdjmhhzmcwpbypehgajypqwjs/Build/Intermediates.noindex/VideoEnhnacer.build/Debug-iphonesimulator/VideoEnhnacer.build/Objects-normal/arm64/VideoEnhnacer-Swift.h -working-directory /Users/vaibhavtiwary/Desktop/VideoEnhnacer -experimental-emit-module-separately -disable-cmo

Ld /Users/vaibhavtiwary/Library/Developer/Xcode/DerivedData/VideoEnhnacer-dqopdjmhhzmcwpbypehgajypqwjs/Build/Intermediates.noindex/VideoEnhnacer.build/Debug-iphonesimulator/VideoEnhnacer.build/Objects-normal/arm64/Binary/VideoEnhnacer.debug.dylib normal arm64 (in target 'VideoEnhnacer' from project 'VideoEnhnacer')
    cd /Users/vaibhavtiwary/Desktop/VideoEnhnacer
    /Applications/Xcode.app/Contents/Developer/Toolchains/XcodeDefault.xctoolchain/usr/bin/clang -Xlinker -reproducible -target arm64-apple-ios15.6-simulator -dynamiclib -isysroot /Applications/Xcode.app/Contents/Developer/Platforms/iPhoneSimulator.platform/Developer/SDKs/iPhoneSimulator18.5.sdk -O0 -L/Users/vaibhavtiwary/Library/Developer/Xcode/DerivedData/VideoEnhnacer-dqopdjmhhzmcwpbypehgajypqwjs/Build/Intermediates.noindex/EagerLinkingTBDs/Debug-iphonesimulator -L/Users/vaibhavtiwary/Library/Developer/Xcode/DerivedData/VideoEnhnacer-dqopdjmhhzmcwpbypehgajypqwjs/Build/Products/Debug-iphonesimulator -F/Users/vaibhavtiwary/Library/Developer/Xcode/DerivedData/VideoEnhnacer-dqopdjmhhzmcwpbypehgajypqwjs/Build/Intermediates.noindex/EagerLinkingTBDs/Debug-iphonesimulator -F/Users/vaibhavtiwary/Library/Developer/Xcode/DerivedData/VideoEnhnacer-dqopdjmhhzmcwpbypehgajypqwjs/Build/Products/Debug-iphonesimulator/PackageFrameworks -F/Users/vaibhavtiwary/Library/Developer/Xcode/DerivedData/VideoEnhnacer-dqopdjmhhzmcwpbypehgajypqwjs/Build/Products/Debug-iphonesimulator -filelist /Users/vaibhavtiwary/Library/Developer/Xcode/DerivedData/VideoEnhnacer-dqopdjmhhzmcwpbypehgajypqwjs/Build/Intermediates.noindex/VideoEnhnacer.build/Debug-iphonesimulator/VideoEnhnacer.build/Objects-normal/arm64/VideoEnhnacer.LinkFileList -install_name @rpath/VideoEnhnacer.debug.dylib -Xlinker -rpath -Xlinker /Users/vaibhavtiwary/Library/Developer/Xcode/DerivedData/VideoEnhnacer-dqopdjmhhzmcwpbypehgajypqwjs/Build/Products/Debug-iphonesimulator/PackageFrameworks -Xlinker -rpath -Xlinker @executable_path/Frameworks -dead_strip -Xlinker -object_path_lto -Xlinker /Users/vaibhavtiwary/Library/Developer/Xcode/DerivedData/VideoEnhnacer-dqopdjmhhzmcwpbypehgajypqwjs/Build/Intermediates.noindex/VideoEnhnacer.build/Debug-iphonesimulator/VideoEnhnacer.build/Objects-normal/arm64/VideoEnhnacer_lto.o -rdynamic -Xlinker -no_deduplicate -Xlinker -objc_abi_version -Xlinker 2 -Xlinker -dependency_info -Xlinker /Users/vaibhavtiwary/Library/Developer/Xcode/DerivedData/VideoEnhnacer-dqopdjmhhzmcwpbypehgajypqwjs/Build/Intermediates.noindex/VideoEnhnacer.build/Debug-iphonesimulator/VideoEnhnacer.build/Objects-normal/arm64/VideoEnhnacer_dependency_info.dat -fobjc-link-runtime -L/Applications/Xcode.app/Contents/Developer/Toolchains/XcodeDefault.xctoolchain/usr/lib/swift/iphonesimulator -L/usr/lib/swift -Xlinker -add_ast_path -Xlinker /Users/vaibhavtiwary/Library/Developer/Xcode/DerivedData/VideoEnhnacer-dqopdjmhhzmcwpbypehgajypqwjs/Build/Intermediates.noindex/VideoEnhnacer.build/Debug-iphonesimulator/VideoEnhnacer.build/Objects-normal/arm64/VideoEnhnacer.swiftmodule -Wl,-no_warn_duplicate_libraries -Xlinker -alias -Xlinker _main -Xlinker ___debug_main_executable_dylib_entry_point -Xlinker -no_adhoc_codesign -o /Users/vaibhavtiwary/Library/Developer/Xcode/DerivedData/VideoEnhnacer-dqopdjmhhzmcwpbypehgajypqwjs/Build/Intermediates.noindex/VideoEnhnacer.build/Debug-iphonesimulator/VideoEnhnacer.build/Objects-normal/arm64/Binary/VideoEnhnacer.debug.dylib -Xlinker -add_ast_path -Xlinker /Users/vaibhavtiwary/Library/Developer/Xcode/DerivedData/VideoEnhnacer-dqopdjmhhzmcwpbypehgajypqwjs/Build/Intermediates.noindex/PryntTrimmerView.build/Debug-iphonesimulator/PryntTrimmerView.build/Objects-normal/arm64/PryntTrimmerView.swiftmodule

CreateUniversalBinary /Users/vaibhavtiwary/Library/Developer/Xcode/DerivedData/VideoEnhnacer-dqopdjmhhzmcwpbypehgajypqwjs/Build/Products/Debug-iphonesimulator/VideoEnhnacer.app/VideoEnhnacer.debug.dylib normal arm64\ x86_64 (in target 'VideoEnhnacer' from project 'VideoEnhnacer')
    cd /Users/vaibhavtiwary/Desktop/VideoEnhnacer
    /Applications/Xcode.app/Contents/Developer/Toolchains/XcodeDefault.xctoolchain/usr/bin/lipo -create /Users/vaibhavtiwary/Library/Developer/Xcode/DerivedData/VideoEnhnacer-dqopdjmhhzmcwpbypehgajypqwjs/Build/Intermediates.noindex/VideoEnhnacer.build/Debug-iphonesimulator/VideoEnhnacer.build/Objects-normal/arm64/Binary/VideoEnhnacer.debug.dylib /Users/vaibhavtiwary/Library/Developer/Xcode/DerivedData/VideoEnhnacer-dqopdjmhhzmcwpbypehgajypqwjs/Build/Intermediates.noindex/VideoEnhnacer.build/Debug-iphonesimulator/VideoEnhnacer.build/Objects-normal/x86_64/Binary/VideoEnhnacer.debug.dylib -output /Users/vaibhavtiwary/Library/Developer/Xcode/DerivedData/VideoEnhnacer-dqopdjmhhzmcwpbypehgajypqwjs/Build/Products/Debug-iphonesimulator/VideoEnhnacer.app/VideoEnhnacer.debug.dylib

ConstructStubExecutorLinkFileList /Users/vaibhavtiwary/Library/Developer/Xcode/DerivedData/VideoEnhnacer-dqopdjmhhzmcwpbypehgajypqwjs/Build/Intermediates.noindex/VideoEnhnacer.build/Debug-iphonesimulator/VideoEnhnacer.build/VideoEnhnacer-ExecutorLinkFileList-normal-arm64.txt (in target 'VideoEnhnacer' from project 'VideoEnhnacer')
    cd /Users/vaibhavtiwary/Desktop/VideoEnhnacer
    construct-stub-executor-link-file-list /Users/vaibhavtiwary/Library/Developer/Xcode/DerivedData/VideoEnhnacer-dqopdjmhhzmcwpbypehgajypqwjs/Build/Intermediates.noindex/VideoEnhnacer.build/Debug-iphonesimulator/VideoEnhnacer.build/Objects-normal/arm64/Binary/VideoEnhnacer.debug.dylib /Applications/Xcode.app/Contents/Developer/Platforms/iPhoneSimulator.platform/Developer/usr/lib/libPreviewsJITStubExecutor_no_swift_entry_point.a /Applications/Xcode.app/Contents/Developer/Platforms/iPhoneSimulator.platform/Developer/usr/lib/libPreviewsJITStubExecutor.a --output /Users/vaibhavtiwary/Library/Developer/Xcode/DerivedData/VideoEnhnacer-dqopdjmhhzmcwpbypehgajypqwjs/Build/Intermediates.noindex/VideoEnhnacer.build/Debug-iphonesimulator/VideoEnhnacer.build/VideoEnhnacer-ExecutorLinkFileList-normal-arm64.txt
note: Using stub executor library with Swift entry point. (in target 'VideoEnhnacer' from project 'VideoEnhnacer')

Ld /Users/vaibhavtiwary/Library/Developer/Xcode/DerivedData/VideoEnhnacer-dqopdjmhhzmcwpbypehgajypqwjs/Build/Intermediates.noindex/VideoEnhnacer.build/Debug-iphonesimulator/VideoEnhnacer.build/Objects-normal/arm64/Binary/VideoEnhnacer normal arm64 (in target 'VideoEnhnacer' from project 'VideoEnhnacer')
    cd /Users/vaibhavtiwary/Desktop/VideoEnhnacer
    /Applications/Xcode.app/Contents/Developer/Toolchains/XcodeDefault.xctoolchain/usr/bin/clang -Xlinker -reproducible -target arm64-apple-ios15.6-simulator -isysroot /Applications/Xcode.app/Contents/Developer/Platforms/iPhoneSimulator.platform/Developer/SDKs/iPhoneSimulator18.5.sdk -O0 -L/Users/vaibhavtiwary/Library/Developer/Xcode/DerivedData/VideoEnhnacer-dqopdjmhhzmcwpbypehgajypqwjs/Build/Products/Debug-iphonesimulator -F/Users/vaibhavtiwary/Library/Developer/Xcode/DerivedData/VideoEnhnacer-dqopdjmhhzmcwpbypehgajypqwjs/Build/Products/Debug-iphonesimulator/PackageFrameworks -F/Users/vaibhavtiwary/Library/Developer/Xcode/DerivedData/VideoEnhnacer-dqopdjmhhzmcwpbypehgajypqwjs/Build/Products/Debug-iphonesimulator -Xlinker -rpath -Xlinker @executable_path -Xlinker -rpath -Xlinker /Users/vaibhavtiwary/Library/Developer/Xcode/DerivedData/VideoEnhnacer-dqopdjmhhzmcwpbypehgajypqwjs/Build/Products/Debug-iphonesimulator/PackageFrameworks -Xlinker -rpath -Xlinker @executable_path/Frameworks -rdynamic -Xlinker -no_deduplicate -Xlinker -objc_abi_version -Xlinker 2 -e ___debug_blank_executor_main -Xlinker -sectcreate -Xlinker __TEXT -Xlinker __debug_dylib -Xlinker /Users/vaibhavtiwary/Library/Developer/Xcode/DerivedData/VideoEnhnacer-dqopdjmhhzmcwpbypehgajypqwjs/Build/Intermediates.noindex/VideoEnhnacer.build/Debug-iphonesimulator/VideoEnhnacer.build/VideoEnhnacer-DebugDylibPath-normal-arm64.txt -Xlinker -sectcreate -Xlinker __TEXT -Xlinker __debug_instlnm -Xlinker /Users/vaibhavtiwary/Library/Developer/Xcode/DerivedData/VideoEnhnacer-dqopdjmhhzmcwpbypehgajypqwjs/Build/Intermediates.noindex/VideoEnhnacer.build/Debug-iphonesimulator/VideoEnhnacer.build/VideoEnhnacer-DebugDylibInstallName-normal-arm64.txt -Xlinker -filelist -Xlinker /Users/vaibhavtiwary/Library/Developer/Xcode/DerivedData/VideoEnhnacer-dqopdjmhhzmcwpbypehgajypqwjs/Build/Intermediates.noindex/VideoEnhnacer.build/Debug-iphonesimulator/VideoEnhnacer.build/VideoEnhnacer-ExecutorLinkFileList-normal-arm64.txt -Xlinker -sectcreate -Xlinker __TEXT -Xlinker __entitlements -Xlinker /Users/vaibhavtiwary/Library/Developer/Xcode/DerivedData/VideoEnhnacer-dqopdjmhhzmcwpbypehgajypqwjs/Build/Intermediates.noindex/VideoEnhnacer.build/Debug-iphonesimulator/VideoEnhnacer.build/VideoEnhnacer.app-Simulated.xcent -Xlinker -sectcreate -Xlinker __TEXT -Xlinker __ents_der -Xlinker /Users/vaibhavtiwary/Library/Developer/Xcode/DerivedData/VideoEnhnacer-dqopdjmhhzmcwpbypehgajypqwjs/Build/Intermediates.noindex/VideoEnhnacer.build/Debug-iphonesimulator/VideoEnhnacer.build/VideoEnhnacer.app-Simulated.xcent.der /Users/vaibhavtiwary/Library/Developer/Xcode/DerivedData/VideoEnhnacer-dqopdjmhhzmcwpbypehgajypqwjs/Build/Intermediates.noindex/VideoEnhnacer.build/Debug-iphonesimulator/VideoEnhnacer.build/Objects-normal/arm64/Binary/VideoEnhnacer.debug.dylib -Xlinker -no_adhoc_codesign -o /Users/vaibhavtiwary/Library/Developer/Xcode/DerivedData/VideoEnhnacer-dqopdjmhhzmcwpbypehgajypqwjs/Build/Intermediates.noindex/VideoEnhnacer.build/Debug-iphonesimulator/VideoEnhnacer.build/Objects-normal/arm64/Binary/VideoEnhnacer

CreateUniversalBinary /Users/vaibhavtiwary/Library/Developer/Xcode/DerivedData/VideoEnhnacer-dqopdjmhhzmcwpbypehgajypqwjs/Build/Products/Debug-iphonesimulator/VideoEnhnacer.app/VideoEnhnacer normal arm64\ x86_64 (in target 'VideoEnhnacer' from project 'VideoEnhnacer')
    cd /Users/vaibhavtiwary/Desktop/VideoEnhnacer
    /Applications/Xcode.app/Contents/Developer/Toolchains/XcodeDefault.xctoolchain/usr/bin/lipo -create /Users/vaibhavtiwary/Library/Developer/Xcode/DerivedData/VideoEnhnacer-dqopdjmhhzmcwpbypehgajypqwjs/Build/Intermediates.noindex/VideoEnhnacer.build/Debug-iphonesimulator/VideoEnhnacer.build/Objects-normal/arm64/Binary/VideoEnhnacer /Users/vaibhavtiwary/Library/Developer/Xcode/DerivedData/VideoEnhnacer-dqopdjmhhzmcwpbypehgajypqwjs/Build/Intermediates.noindex/VideoEnhnacer.build/Debug-iphonesimulator/VideoEnhnacer.build/Objects-normal/x86_64/Binary/VideoEnhnacer -output /Users/vaibhavtiwary/Library/Developer/Xcode/DerivedData/VideoEnhnacer-dqopdjmhhzmcwpbypehgajypqwjs/Build/Products/Debug-iphonesimulator/VideoEnhnacer.app/VideoEnhnacer

CopySwiftLibs /Users/vaibhavtiwary/Library/Developer/Xcode/DerivedData/VideoEnhnacer-dqopdjmhhzmcwpbypehgajypqwjs/Build/Products/Debug-iphonesimulator/VideoEnhnacer.app (in target 'VideoEnhnacer' from project 'VideoEnhnacer')
    cd /Users/vaibhavtiwary/Desktop/VideoEnhnacer
    builtin-swiftStdLibTool --copy --verbose --sign - --scan-executable /Users/vaibhavtiwary/Library/Developer/Xcode/DerivedData/VideoEnhnacer-dqopdjmhhzmcwpbypehgajypqwjs/Build/Products/Debug-iphonesimulator/VideoEnhnacer.app/VideoEnhnacer.debug.dylib --scan-folder /Users/vaibhavtiwary/Library/Developer/Xcode/DerivedData/VideoEnhnacer-dqopdjmhhzmcwpbypehgajypqwjs/Build/Products/Debug-iphonesimulator/VideoEnhnacer.app/Frameworks --scan-folder /Users/vaibhavtiwary/Library/Developer/Xcode/DerivedData/VideoEnhnacer-dqopdjmhhzmcwpbypehgajypqwjs/Build/Products/Debug-iphonesimulator/VideoEnhnacer.app/PlugIns --scan-folder /Users/vaibhavtiwary/Library/Developer/Xcode/DerivedData/VideoEnhnacer-dqopdjmhhzmcwpbypehgajypqwjs/Build/Products/Debug-iphonesimulator/VideoEnhnacer.app/SystemExtensions --scan-folder /Users/vaibhavtiwary/Library/Developer/Xcode/DerivedData/VideoEnhnacer-dqopdjmhhzmcwpbypehgajypqwjs/Build/Products/Debug-iphonesimulator/VideoEnhnacer.app/Extensions --platform iphonesimulator --toolchain /Applications/Xcode.app/Contents/Developer/Toolchains/XcodeDefault.xctoolchain --destination /Users/vaibhavtiwary/Library/Developer/Xcode/DerivedData/VideoEnhnacer-dqopdjmhhzmcwpbypehgajypqwjs/Build/Products/Debug-iphonesimulator/VideoEnhnacer.app/Frameworks --strip-bitcode --strip-bitcode-tool /Applications/Xcode.app/Contents/Developer/Toolchains/XcodeDefault.xctoolchain/usr/bin/bitcode_strip --emit-dependency-info /Users/vaibhavtiwary/Library/Developer/Xcode/DerivedData/VideoEnhnacer-dqopdjmhhzmcwpbypehgajypqwjs/Build/Intermediates.noindex/VideoEnhnacer.build/Debug-iphonesimulator/VideoEnhnacer.build/SwiftStdLibToolInputDependencies.dep --filter-for-swift-os

ExtractAppIntentsMetadata (in target 'VideoEnhnacer' from project 'VideoEnhnacer')
    cd /Users/vaibhavtiwary/Desktop/VideoEnhnacer
    /Applications/Xcode.app/Contents/Developer/Toolchains/XcodeDefault.xctoolchain/usr/bin/appintentsmetadataprocessor --toolchain-dir /Applications/Xcode.app/Contents/Developer/Toolchains/XcodeDefault.xctoolchain --module-name VideoEnhnacer --sdk-root /Applications/Xcode.app/Contents/Developer/Platforms/iPhoneSimulator.platform/Developer/SDKs/iPhoneSimulator18.5.sdk --xcode-version 16F6 --platform-family iOS --deployment-target 15.6 --bundle-identifier com.vaibhavtiwary.VideoEnhnacer --output /Users/vaibhavtiwary/Library/Developer/Xcode/DerivedData/VideoEnhnacer-dqopdjmhhzmcwpbypehgajypqwjs/Build/Products/Debug-iphonesimulator/VideoEnhnacer.app --target-triple arm64-apple-ios15.6-simulator --target-triple x86_64-apple-ios15.6-simulator --binary-file /Users/vaibhavtiwary/Library/Developer/Xcode/DerivedData/VideoEnhnacer-dqopdjmhhzmcwpbypehgajypqwjs/Build/Products/Debug-iphonesimulator/VideoEnhnacer.app/VideoEnhnacer --dependency-file /Users/vaibhavtiwary/Library/Developer/Xcode/DerivedData/VideoEnhnacer-dqopdjmhhzmcwpbypehgajypqwjs/Build/Intermediates.noindex/VideoEnhnacer.build/Debug-iphonesimulator/VideoEnhnacer.build/Objects-normal/arm64/VideoEnhnacer_dependency_info.dat --dependency-file /Users/vaibhavtiwary/Library/Developer/Xcode/DerivedData/VideoEnhnacer-dqopdjmhhzmcwpbypehgajypqwjs/Build/Intermediates.noindex/VideoEnhnacer.build/Debug-iphonesimulator/VideoEnhnacer.build/Objects-normal/x86_64/VideoEnhnacer_dependency_info.dat --stringsdata-file /Users/vaibhavtiwary/Library/Developer/Xcode/DerivedData/VideoEnhnacer-dqopdjmhhzmcwpbypehgajypqwjs/Build/Intermediates.noindex/VideoEnhnacer.build/Debug-iphonesimulator/VideoEnhnacer.build/Objects-normal/arm64/ExtractedAppShortcutsMetadata.stringsdata --stringsdata-file /Users/vaibhavtiwary/Library/Developer/Xcode/DerivedData/VideoEnhnacer-dqopdjmhhzmcwpbypehgajypqwjs/Build/Intermediates.noindex/VideoEnhnacer.build/Debug-iphonesimulator/VideoEnhnacer.build/Objects-normal/x86_64/ExtractedAppShortcutsMetadata.stringsdata --source-file-list /Users/vaibhavtiwary/Library/Developer/Xcode/DerivedData/VideoEnhnacer-dqopdjmhhzmcwpbypehgajypqwjs/Build/Intermediates.noindex/VideoEnhnacer.build/Debug-iphonesimulator/VideoEnhnacer.build/Objects-normal/arm64/VideoEnhnacer.SwiftFileList --source-file-list /Users/vaibhavtiwary/Library/Developer/Xcode/DerivedData/VideoEnhnacer-dqopdjmhhzmcwpbypehgajypqwjs/Build/Intermediates.noindex/VideoEnhnacer.build/Debug-iphonesimulator/VideoEnhnacer.build/Objects-normal/x86_64/VideoEnhnacer.SwiftFileList --metadata-file-list /Users/vaibhavtiwary/Library/Developer/Xcode/DerivedData/VideoEnhnacer-dqopdjmhhzmcwpbypehgajypqwjs/Build/Intermediates.noindex/VideoEnhnacer.build/Debug-iphonesimulator/VideoEnhnacer.build/VideoEnhnacer.DependencyMetadataFileList --static-metadata-file-list /Users/vaibhavtiwary/Library/Developer/Xcode/DerivedData/VideoEnhnacer-dqopdjmhhzmcwpbypehgajypqwjs/Build/Intermediates.noindex/VideoEnhnacer.build/Debug-iphonesimulator/VideoEnhnacer.build/VideoEnhnacer.DependencyStaticMetadataFileList --swift-const-vals-list /Users/vaibhavtiwary/Library/Developer/Xcode/DerivedData/VideoEnhnacer-dqopdjmhhzmcwpbypehgajypqwjs/Build/Intermediates.noindex/VideoEnhnacer.build/Debug-iphonesimulator/VideoEnhnacer.build/Objects-normal/arm64/VideoEnhnacer.SwiftConstValuesFileList --swift-const-vals-list /Users/vaibhavtiwary/Library/Developer/Xcode/DerivedData/VideoEnhnacer-dqopdjmhhzmcwpbypehgajypqwjs/Build/Intermediates.noindex/VideoEnhnacer.build/Debug-iphonesimulator/VideoEnhnacer.build/Objects-normal/x86_64/VideoEnhnacer.SwiftConstValuesFileList --compile-time-extraction --deployment-aware-processing --validate-assistant-intents --no-app-shortcuts-localization
2025-09-02 13:17:38.818 appintentsmetadataprocessor[40553:5903259] Starting appintentsmetadataprocessor export
2025-09-02 13:17:38.819 appintentsmetadataprocessor[40553:5903259] warning: Metadata extraction skipped. No AppIntents.framework dependency found.

CodeSign /Users/vaibhavtiwary/Library/Developer/Xcode/DerivedData/VideoEnhnacer-dqopdjmhhzmcwpbypehgajypqwjs/Build/Products/Debug-iphonesimulator/VideoEnhnacer.app/VideoEnhnacer.debug.dylib (in target 'VideoEnhnacer' from project 'VideoEnhnacer')
    cd /Users/vaibhavtiwary/Desktop/VideoEnhnacer
    
    Signing Identity:     "Sign to Run Locally"
    
    /usr/bin/codesign --force --sign - --timestamp\=none --generate-entitlement-der /Users/vaibhavtiwary/Library/Developer/Xcode/DerivedData/VideoEnhnacer-dqopdjmhhzmcwpbypehgajypqwjs/Build/Products/Debug-iphonesimulator/VideoEnhnacer.app/VideoEnhnacer.debug.dylib

CodeSign /Users/vaibhavtiwary/Library/Developer/Xcode/DerivedData/VideoEnhnacer-dqopdjmhhzmcwpbypehgajypqwjs/Build/Products/Debug-iphonesimulator/VideoEnhnacer.app/__preview.dylib (in target 'VideoEnhnacer' from project 'VideoEnhnacer')
    cd /Users/vaibhavtiwary/Desktop/VideoEnhnacer
    
    Signing Identity:     "Sign to Run Locally"
    
    /usr/bin/codesign --force --sign - --timestamp\=none --generate-entitlement-der /Users/vaibhavtiwary/Library/Developer/Xcode/DerivedData/VideoEnhnacer-dqopdjmhhzmcwpbypehgajypqwjs/Build/Products/Debug-iphonesimulator/VideoEnhnacer.app/__preview.dylib

CodeSign /Users/vaibhavtiwary/Library/Developer/Xcode/DerivedData/VideoEnhnacer-dqopdjmhhzmcwpbypehgajypqwjs/Build/Products/Debug-iphonesimulator/VideoEnhnacer.app (in target 'VideoEnhnacer' from project 'VideoEnhnacer')
    cd /Users/vaibhavtiwary/Desktop/VideoEnhnacer
    
    Signing Identity:     "Sign to Run Locally"
    
    /usr/bin/codesign --force --sign - --entitlements /Users/vaibhavtiwary/Library/Developer/Xcode/DerivedData/VideoEnhnacer-dqopdjmhhzmcwpbypehgajypqwjs/Build/Intermediates.noindex/VideoEnhnacer.build/Debug-iphonesimulator/VideoEnhnacer.build/VideoEnhnacer.app.xcent --timestamp\=none --generate-entitlement-der /Users/vaibhavtiwary/Library/Developer/Xcode/DerivedData/VideoEnhnacer-dqopdjmhhzmcwpbypehgajypqwjs/Build/Products/Debug-iphonesimulator/VideoEnhnacer.app

Validate /Users/vaibhavtiwary/Library/Developer/Xcode/DerivedData/VideoEnhnacer-dqopdjmhhzmcwpbypehgajypqwjs/Build/Products/Debug-iphonesimulator/VideoEnhnacer.app (in target 'VideoEnhnacer' from project 'VideoEnhnacer')
    cd /Users/vaibhavtiwary/Desktop/VideoEnhnacer
    builtin-validationUtility /Users/vaibhavtiwary/Library/Developer/Xcode/DerivedData/VideoEnhnacer-dqopdjmhhzmcwpbypehgajypqwjs/Build/Products/Debug-iphonesimulator/VideoEnhnacer.app -infoplist-subpath Info.plist

** BUILD SUCCEEDED **

